1573135473,42.36426151263011,-71.09669686338732
1573135480,42.36426151263011,-71.09669686338732
1573135480,42.3643916,-71.09657216666666
1573135481,42.3643916,-71.09657216666666
1573135481,42.3643916,-71.09657216666666
1573135481,42.3643916,-71.09657216666666
1573135481,42.3643916,-71.09657216666666
1573135482,42.3643916,-71.09657216666666
1573135482,42.3643916,-71.09657216666666
1573135482,42.3643916,-71.09657216666666
1573135482,42.3643916,-71.09657216666666
1573135483,42.3643916,-71.09657216666666
1573135483,42.36439099999999,-71.09657184999999
1573135483,42.36438956666666,-71.09657108333333
1573135483,42.364389333333335,-71.09657093333334
1573135484,42.36438863333333,-71.09657075
1573135484,42.364390766666666,-71.09656793333333
1573135484,42.364390766666666,-71.09656793333333
1573135485,42.364390766666666,-71.09656793333333
1573135485,42.364390766666666,-71.09656793333333
1573135485,42.364389416666675,-71.09656653333333
1573135485,42.364386950000004,-71.09656431666667
1573135486,42.36438423333334,-71.09656206666666
1573135486,42.364383100000005,-71.09656128333333
1573135486,42.36439233333334,-71.09654871666666
1573135486,42.36438788333333,-71.0965455
1573135487,42.36438393333333,-71.09654303333333
1573135487,42.36439035,-71.09653109999999
1573135487,42.36438598333334,-71.09652906666666
1573135487,42.364378699999996,-71.09652648333334
1573135488,42.364373533333335,-71.09652493333333
1573135488,42.36437756666666,-71.09651763333332
1573135488,42.36436986666666,-71.09651578333334
1573135488,42.364364800000004,-71.09651473333334
1573135489,42.3643569,-71.09651346666666
1573135489,42.364355800000006,-71.09650555
1573135489,42.36435043333333,-71.09650521666667
1573135490,42.36434235,-71.09650485
1573135490,42.364334199999995,-71.09650508333334
1573135490,42.36432993333333,-71.09649991666667
1573135490,42.364319200000004,-71.09650066666667
1573135491,42.36431655,-71.09650073333334
1573135491,42.36430611666666,-71.09649495000001
1573135491,42.36430088333333,-71.09649521666667
1573135491,42.36429305,-71.09649598333334
1573135492,42.36428533333333,-71.09649644999999
1573135492,42.36428275,-71.0964965
1573135492,42.364272666666665,-71.09649285
1573135492,42.36426496666666,-71.09649235
1573135493,42.36425681666667,-71.09649241666666
1573135493,42.36424658333334,-71.09649031666666
1573135493,42.36423776666667,-71.09649068333333
1573135493,42.364231583333336,-71.09649101666668
1573135494,42.36422153333333,-71.09649214999999
1573135494,42.364207016666654,-71.09649198333334
1573135494,42.36420321666666,-71.09649248333334
1573135495,42.36419185,-71.09649401666667
1573135495,42.36417483333333,-71.09649370000001
1573135495,42.36417111666666,-71.0964944
1573135495,42.364159900000004,-71.09649703333334
1573135496,42.36414863333332,-71.09649991666667
1573135496,42.364132500000004,-71.0964972
1573135496,42.364128666666666,-71.09649831666667
1573135496,42.36411725,-71.09650138333333
1573135497,42.36410563333334,-71.09650443333334
1573135497,42.364092833333345,-71.09650346666668
1573135497,42.36408086666667,-71.09650676666666
1573135497,42.36407678333333,-71.09650788333333
1573135498,42.36406444999999,-71.09651158333332
1573135498,42.364050966666674,-71.09651438333333
1573135498,42.36403798333333,-71.09651746666667
1573135499,42.3640251,-71.09652076666666
1573135499,42.36402083333334,-71.09652198333333
1573135499,42.36400786666667,-71.09652545
1573135499,42.3639951,-71.09652901666666
1573135500,42.36398255000001,-71.09653253333333
1573135500,42.363974283333334,-71.09653511666667
1573135500,42.36395713333333,-71.09653946666667
1573135500,42.363952983333334,-71.0965407
1573135501,42.36393641666667,-71.0965457
1573135501,42.363927399999994,-71.09654588333332
1573135501,42.363915266666666,-71.09654958333333
1573135501,42.36390688333333,-71.09655198333333
1573135502,42.36389423333333,-71.0965557
1573135502,42.36389044999999,-71.09655070000001
1573135502,42.3638745,-71.0965546
1573135502,42.363866233333326,-71.09655633333333
1573135503,42.36385348333334,-71.09655866666667
1573135503,42.36384966666666,-71.09655398333332
1573135503,42.363841050000005,-71.09655500000001
1573135504,42.36382858333333,-71.09655680000002
1573135504,42.363820716666666,-71.09655835
1573135504,42.363808066666664,-71.09655821666666
1573135504,42.36379606666666,-71.09655973333334
1573135505,42.36378833333333,-71.09656081666667
1573135505,42.363776433333335,-71.09656368333334
1573135505,42.363764616666664,-71.09656615
1573135505,42.363756683333335,-71.09656771666667
1573135506,42.36374516666666,-71.09657023333332
1573135506,42.36373633333333,-71.09657466666667
1573135506,42.36372920000001,-71.09657611666667
1573135506,42.36371525,-71.09657868333333
1573135507,42.36370828333333,-71.09657998333333
1573135507,42.36370045,-71.0965846
1573135507,42.36369395,-71.09658590000001
1573135507,42.36368136666667,-71.09658841666666
1573135508,42.3636785,-71.09658915
1573135508,42.36366625000001,-71.09659478333333
1573135508,42.363659750000004,-71.09659571666666
1573135508,42.363656066666664,-71.09659588333334
1573135509,42.36365286666667,-71.0965961
1573135509,42.36364806666667,-71.09660161666667
1573135509,42.3636455,-71.09660099999999
1573135510,42.36364378333332,-71.09660046666667
1573135510,42.363640950000004,-71.09660633333333
1573135510,42.363640483333334,-71.0966062
1573135510,42.36363906666667,-71.09660603333333
1573135511,42.36363783333333,-71.09660551666666
1573135511,42.36363513333334,-71.09661068333332
1573135511,42.36363388333332,-71.0966102
1573135511,42.36363296666667,-71.09660981666666
1573135512,42.36363191666666,-71.09660941666667
1573135512,42.363625816666676,-71.0966165
1573135512,42.363624683333335,-71.09661553333333
1573135512,42.363623800000006,-71.09661443333333
1573135513,42.36362241666667,-71.09661295
1573135513,42.36361651666666,-71.09661946666667
1573135513,42.3636151,-71.09661778333334
1573135513,42.36361406666666,-71.09661631666667
1573135514,42.36361283333334,-71.09661511666667
1573135514,42.36360626666666,-71.09662298333333
1573135514,42.36360468333334,-71.096622
1573135515,42.36360315,-71.096621
1573135515,42.36360193333333,-71.09662018333334
1573135515,42.36358853333333,-71.0966308
1573135515,42.363587800000005,-71.09663078333332
1573135516,42.363587633333324,-71.09663081666666
1573135516,42.3635779,-71.09663851666666
1573135516,42.3635779,-71.09663851666666
1573135516,42.3635779,-71.09663851666666
1573135517,42.3635779,-71.09663851666666
1573135517,42.3635779,-71.09663851666666
1573135517,42.3635779,-71.09663851666666
1573135517,42.3635779,-71.09663851666666
1573135518,42.3635779,-71.09663851666666
1573135518,42.3635779,-71.09663851666666
1573135518,42.3635779,-71.09663851666666
1573135518,42.3635779,-71.09663851666666
1573135519,42.3635779,-71.09663851666666
1573135519,42.3635779,-71.09663851666666
1573135519,42.3635779,-71.09663851666666
1573135520,42.3635779,-71.09663851666666
1573135520,42.3635779,-71.09663851666666
1573135520,42.3635779,-71.09663851666666
1573135520,42.3635779,-71.09663851666666
1573135521,42.3635779,-71.09663851666666
1573135521,42.3635779,-71.09663851666666
1573135521,42.3635779,-71.09663851666666
1573135521,42.3635779,-71.09663851666666
1573135522,42.3635779,-71.09663851666666
1573135522,42.3635779,-71.09663851666666
1573135522,42.3635779,-71.09663851666666
1573135522,42.3635779,-71.09663851666666
1573135523,42.3635779,-71.09663851666666
1573135523,42.3635779,-71.09663851666666
1573135523,42.3635779,-71.09663851666666
1573135523,42.3635779,-71.09663851666666
1573135524,42.3635779,-71.09663851666666
1573135524,42.3635779,-71.09663851666666
1573135524,42.3635779,-71.09663851666666
1573135525,42.3635779,-71.09663851666666
1573135525,42.3635779,-71.09663851666666
1573135525,42.3635779,-71.09663851666666
1573135525,42.3635779,-71.09663851666666
1573135526,42.3635779,-71.09663851666666
1573135526,42.3635779,-71.09663851666666
1573135526,42.3635779,-71.09663851666666
1573135526,42.3635779,-71.09663851666666
1573135527,42.3635779,-71.09663851666666
1573135527,42.3635779,-71.09663851666666
1573135527,42.3635779,-71.09663851666666
1573135527,42.3635779,-71.09663851666666
1573135528,42.3635779,-71.09663851666666
1573135528,42.3635779,-71.09663851666666
1573135528,42.3635779,-71.09663851666666
1573135528,42.3635779,-71.09663851666666
1573135529,42.3635779,-71.09663851666666
1573135529,42.3635779,-71.09663851666666
1573135529,42.3635779,-71.09663851666666
1573135529,42.3635779,-71.09663851666666
1573135530,42.3635779,-71.09663851666666
1573135530,42.3635779,-71.09663851666666
1573135530,42.3635779,-71.09663851666666
1573135531,42.3635779,-71.09663851666666
1573135531,42.3635779,-71.09663851666666
1573135531,42.3635779,-71.09663851666666
1573135531,42.3635779,-71.09663851666666
1573135532,42.3635779,-71.09663851666666
1573135532,42.3635779,-71.09663851666666
1573135532,42.3635779,-71.09663851666666
1573135532,42.3635779,-71.09663851666666
1573135533,42.3635779,-71.09663851666666
1573135533,42.3635779,-71.09663851666666
1573135533,42.3635779,-71.09663851666666
1573135533,42.3635779,-71.09663851666666
1573135534,42.3635779,-71.09663851666666
1573135534,42.3635779,-71.09663851666666
1573135534,42.3635779,-71.09663851666666
1573135535,42.3635779,-71.09663851666666
1573135535,42.3635779,-71.09663851666666
1573135535,42.3635779,-71.09663851666666
1573135535,42.3635779,-71.09663851666666
1573135536,42.3635779,-71.09663851666666
1573135536,42.3635779,-71.09663851666666
1573135536,42.3635779,-71.09663851666666
1573135536,42.3635779,-71.09663851666666
1573135537,42.3635779,-71.09663851666666
1573135537,42.3635779,-71.09663851666666
1573135537,42.3635779,-71.09663851666666
1573135537,42.3635779,-71.09663851666666
1573135538,42.3635779,-71.09663851666666
1573135538,42.3635779,-71.09663851666666
1573135538,42.3635779,-71.09663851666666
1573135538,42.3635779,-71.09663851666666
1573135539,42.3635779,-71.09663851666666
1573135539,42.3635779,-71.09663851666666
1573135539,42.3635779,-71.09663851666666
1573135540,42.3635779,-71.09663851666666
1573135540,42.3635779,-71.09663851666666
1573135540,42.3635779,-71.09663851666666
1573135540,42.3635779,-71.09663851666666
1573135541,42.3635779,-71.09663851666666
1573135541,42.3635779,-71.09663851666666
1573135541,42.363576650000006,-71.09663834999999
1573135541,42.36357506666666,-71.09663805000001
1573135542,42.363573349999996,-71.09663788333334
1573135542,42.36356356666667,-71.09664588333334
1573135542,42.36356219999999,-71.09664611666668
1573135542,42.36356016666667,-71.09664638333334
1573135543,42.36355816666666,-71.0966461
1573135543,42.36355171666667,-71.09665151666667
1573135543,42.36354841666667,-71.09665101666667
1573135544,42.36354531666666,-71.09665086666666
1573135544,42.36354411666667,-71.09665083333333
1573135544,42.36353568333334,-71.09665505
1573135544,42.363531166666675,-71.09665218333333
1573135545,42.36352965,-71.09665095000001
1573135545,42.3635255,-71.09664753333332
1573135545,42.363517249999994,-71.09664711666666
1573135545,42.36351443333333,-71.09664618333333
1573135546,42.36350985000001,-71.09664476666667
1573135546,42.363503099999996,-71.09664801666666
1573135546,42.36349813333332,-71.09664721666667
1573135546,42.36349338333333,-71.09664726666666
1573135547,42.363488000000004,-71.09664801666666
1573135547,42.36348225,-71.09665100000001
1573135547,42.363473549999995,-71.0966527
1573135547,42.36346896666667,-71.09665355
1573135548,42.36346458333334,-71.09665414999999
1573135548,42.36345476666667,-71.09665825
1573135548,42.36344846666666,-71.09665790000001
1573135549,42.36344160000001,-71.09665705
1573135549,42.36343300000001,-71.0966592
1573135549,42.3634301,-71.09665893333334
1573135549,42.363418583333335,-71.09665611666667
1573135550,42.363415716666665,-71.096655
1573135550,42.36340686666668,-71.09665101666667
1573135550,42.36339410000001,-71.0966474
1573135550,42.36339113333334,-71.09664528333333
1573135551,42.36337858333333,-71.09663606666666
1573135551,42.36337533333334,-71.09663343333334
1573135551,42.36336083333334,-71.09662523333333
1573135551,42.36335819999999,-71.09662150000001
1573135552,42.36335078333333,-71.09660961666667
1573135552,42.36334596666668,-71.09660121666667
1573135552,42.36333191666667,-71.09659238333333
1573135552,42.3633225,-71.09657341666666
1573135553,42.36331633333332,-71.09655853333334
1573135553,42.36330526666667,-71.09655421666666
1573135553,42.3633014,-71.09654385
1573135554,42.36329636666666,-71.09652766666666
1573135554,42.363293183333326,-71.0965112
1573135554,42.36328960000001,-71.09650116666667
1573135554,42.36328888333334,-71.09648946666667
1573135555,42.36328801666667,-71.09647191666666
1573135555,42.363287516666674,-71.09645416666667
1573135555,42.363286249999994,-71.09643613333333
1573135555,42.36328591666667,-71.09642436666667
1573135556,42.36328541666667,-71.09640101666668
1573135556,42.363285250000004,-71.09639516666665
1573135556,42.3632839,-71.0963713
1573135556,42.36328364999999,-71.09635935
1573135557,42.36328321666667,-71.09634141666666
1573135557,42.363282733333335,-71.09632431666668
1573135557,42.36328203333334,-71.09631271666667
1573135557,42.36328176666665,-71.09629518333332
1573135558,42.363281266666675,-71.09627726666666
1573135558,42.36328093333333,-71.09626566666668
1573135558,42.36328076666667,-71.09625373333334
1573135558,42.363280716666665,-71.09624161666667
1573135559,42.36328076666667,-71.09622306666667
1573135559,42.36328006666666,-71.09619868333333
1573135559,42.363279899999995,-71.09619248333334
1573135560,42.363278949999994,-71.09617368333333
1573135560,42.36327801666666,-71.09615531666667
1573135560,42.36327686666667,-71.09613658333333
1573135560,42.36327516666667,-71.0961187
1573135561,42.36327381666666,-71.09610681666666
1573135561,42.363271649999994,-71.09608753333333
1573135561,42.36327078333334,-71.09607548333334
1573135561,42.36327025000001,-71.0960574
1573135562,42.363270449999995,-71.096039
1573135562,42.363269583333334,-71.09602673333333
1573135562,42.363268783333325,-71.09600821666666
1573135562,42.363268,-71.09598958333332
1573135563,42.36326640000001,-71.09597096666666
1573135563,42.36326501666667,-71.09595661666667
1573135563,42.36326304999999,-71.09594436666666
1573135564,42.363258650000006,-71.09592031666666
1573135564,42.36325546666667,-71.09590114999999
1573135564,42.363253900000004,-71.09588905
1573135564,42.36325218333333,-71.09587081666668
1573135565,42.363251766666664,-71.09586469999999
1573135565,42.36325098333334,-71.09584620000001
1573135565,42.3632499,-71.09582718333333
1573135565,42.36324928333334,-71.09581491666667
1573135566,42.363248033333335,-71.09579673333333
1573135566,42.36324696666667,-71.09577553333334
1573135566,42.36324661666666,-71.09576295
1573135566,42.36324603333335,-71.09573805
1573135567,42.363245716666675,-71.09573181666667
1573135567,42.36324265,-71.09570599999999
1573135567,42.36324193333333,-71.09569984999999
1573135567,42.36323976666666,-71.09567541666667
1573135568,42.36323898333333,-71.09565656666666
1573135568,42.36323933333333,-71.09564231666667
1573135568,42.36323878333333,-71.09562351666666
1573135569,42.363237899999994,-71.09560485
1573135569,42.3632372,-71.09559229999999
1573135569,42.363236949999994,-71.09557306666667
1573135569,42.36323611666667,-71.09556084999998
1573135570,42.36323468333333,-71.09554253333334
1573135570,42.36323351666667,-71.0955233
1573135570,42.36323229999999,-71.09551081666667
1573135570,42.363230533333336,-71.09549255
1573135571,42.36322876666666,-71.09547486666666
1573135571,42.36322821666666,-71.09546895
1573135571,42.363227499999994,-71.09544376666666
1573135571,42.363226616666665,-71.09542605
1573135572,42.363226233333336,-71.09542006666668
1573135572,42.36322523333334,-71.0954009
1573135572,42.36322435,-71.09538883333333
1573135572,42.36322284999999,-71.09537108333333
1573135573,42.36322163333333,-71.09534738333333
1573135573,42.36322140000001,-71.09534083333332
1573135573,42.36322031666667,-71.09532313333334
1573135574,42.363218633333325,-71.09529953333335
1573135574,42.36321816666667,-71.09529355
1573135574,42.36321471666667,-71.09526749999999
1573135574,42.363214516666666,-71.09524923333333
1573135575,42.363214333333325,-71.09524316666666
1573135575,42.363212999999995,-71.09521791666666
1573135575,42.36321289999999,-71.0952058
1573135575,42.36321233333334,-71.09518788333332
1573135576,42.36321113333333,-71.09516959999999
1573135576,42.36320848333333,-71.09515083333335
1573135576,42.36320728333334,-71.09513886666667
1573135576,42.363205483333324,-71.09512108333334
1573135577,42.36320368333333,-71.095103
1573135577,42.36320298333334,-71.09509633333333
1573135577,42.36320176666666,-71.09507765
1573135577,42.36320033333333,-71.09505906666666
1573135578,42.36319903333334,-71.09504041666668
1573135578,42.36319718333332,-71.09502735
1573135578,42.363194883333335,-71.09500906666668
1573135579,42.36319279999999,-71.09499071666667
1573135579,42.36319225000001,-71.09498463333333
1573135579,42.36319005,-71.09496601666666
1573135579,42.363188566666665,-71.09494211666667
1573135580,42.36318813333334,-71.09493028333333
1573135580,42.3631879,-71.09491843333333
1573135580,42.36318658333333,-71.09489950000001
1573135580,42.363184249999996,-71.09487546666666
1573135581,42.363182916666666,-71.09486346666665
1573135581,42.3631822,-71.09485048333333
1573135581,42.36318113333334,-71.09483248333332
1573135581,42.363180033333336,-71.0948142
1573135582,42.36317953333334,-71.09480818333333
1573135582,42.36317553333333,-71.09478925
1573135582,42.36317415,-71.09477143333334
1573135582,42.36317221666667,-71.09475376666666
1573135583,42.36317041666666,-71.09473601666667
1573135583,42.363160366666676,-71.09472518333334
1573135583,42.36315908333333,-71.09471313333334
1573135584,42.3631574,-71.09469516666667
1573135584,42.36314303333334,-71.09467441666668
1573135584,42.3631412,-71.09466286666667
1573135584,42.36313936666667,-71.09465131666666
1573135585,42.36313713333334,-71.09463366666667
1573135585,42.36313575000001,-71.09462171666667
1573135585,42.36312376666666,-71.09460051666666
1573135585,42.363122633333326,-71.09458278333334
1573135586,42.363122249999996,-71.09457695
1573135586,42.363115216666664,-71.09455565
1573135586,42.363114366666665,-71.09454421666666
1573135586,42.36311380000001,-71.09453244999999
1573135587,42.36311343333333,-71.09450841666667
1573135587,42.363111849999996,-71.09449735
1573135587,42.36311191666667,-71.09448541666667
1573135588,42.36311189999999,-71.09446773333335
1573135588,42.36311183333334,-71.09445011666666
1573135588,42.36311021666667,-71.09443326666667
1573135588,42.36310946666667,-71.09441583333334
1573135589,42.3631091,-71.09440405000001
1573135589,42.36310790000001,-71.09438578333334
1573135589,42.36310761666667,-71.0943739
1573135589,42.363107416666665,-71.09436201666668
1573135590,42.363107166666666,-71.09434398333333
1573135590,42.36310626666666,-71.09431903333333
1573135590,42.363105950000005,-71.09430775000001
1573135591,42.36310556666667,-71.09429641666667
1573135591,42.363104916666664,-71.09427936666665
1573135591,42.36310485000001,-71.09425995000001
1573135591,42.36310445,-71.09424263333334
1573135592,42.36310373333334,-71.09422565
1573135592,42.363102966666666,-71.09421404999999
1573135592,42.36310151666667,-71.09420136666665
1573135592,42.36310018333333,-71.09418553333333
1573135593,42.363099150000004,-71.09417516666667
1573135593,42.36309715000001,-71.0941505
1573135593,42.363096399999996,-71.09413351666667
1573135593,42.3630958,-71.09412219999999
1573135594,42.36309521666667,-71.09411100000001
1573135594,42.36309285000001,-71.0940871
1573135594,42.36309228333332,-71.09407045
1573135594,42.363091966666666,-71.0940594
1573135595,42.36309183333333,-71.09404873333332
1573135595,42.363092116666664,-71.09403529999999
1573135595,42.36309226666667,-71.09401453333332
1573135596,42.3630922,-71.09400498333333
1573135596,42.363092116666664,-71.09399563333334
1573135596,42.36309253333334,-71.09397366666667
1573135596,42.363092400000006,-71.09396143333333
1573135597,42.36309245000001,-71.09395384999999
1573135597,42.36309241666666,-71.09394664999999
1573135597,42.36309276666666,-71.09392993333333
1573135597,42.363092433333335,-71.09392096666667
1573135598,42.3630922,-71.09391558333333
1573135598,42.36309193333333,-71.09390563333332
1573135598,42.363090750000005,-71.0939025
1573135598,42.36309016666668,-71.09389949999999
1573135599,42.36309033333334,-71.09389333333334
1573135599,42.36309079999999,-71.09388663333334
1573135599,42.3630909,-71.09388231666667
1573135600,42.36309073333334,-71.0938799
1573135600,42.36308998333334,-71.09387645
1573135600,42.36309011666667,-71.09387255
1573135600,42.36309013333333,-71.09387063333334
1573135601,42.36309005,-71.09386826666668
1573135601,42.36308985000001,-71.09386726666666
1573135601,42.36308925,-71.09386288333333
1573135601,42.36308925,-71.09386288333333
1573135602,42.36308925,-71.09386288333333
1573135602,42.36308925,-71.09386288333333
1573135602,42.36308925,-71.09386288333333
1573135602,42.36308925,-71.09386288333333
1573135603,42.36308925,-71.09386288333333
1573135603,42.36308925,-71.09386288333333
1573135603,42.36308925,-71.09386288333333
1573135603,42.36308925,-71.09386288333333
1573135604,42.36308925,-71.09386288333333
1573135604,42.36308925,-71.09386288333333
1573135604,42.36308925,-71.09386288333333
1573135604,42.36308925,-71.09386288333333
1573135605,42.36308925,-71.09386288333333
1573135605,42.36308925,-71.09386288333333
1573135605,42.36308925,-71.09386288333333
1573135606,42.36308925,-71.09386288333333
1573135606,42.36308925,-71.09386288333333
1573135606,42.36308925,-71.09386288333333
1573135606,42.36308925,-71.09386288333333
1573135607,42.36308925,-71.09386288333333
1573135607,42.36308925,-71.09386288333333
1573135607,42.36308925,-71.09386288333333
1573135607,42.36308925,-71.09386288333333
1573135608,42.36308925,-71.09386288333333
1573135608,42.36308925,-71.09386288333333
1573135608,42.36308925,-71.09386288333333
1573135608,42.36308925,-71.09386288333333
1573135609,42.36308925,-71.09386288333333
1573135609,42.363089099999996,-71.09385838333333
1573135609,42.363088816666675,-71.09385381666667
1573135610,42.36308824999999,-71.09384578333334
1573135610,42.363087549999996,-71.09383998333332
1573135610,42.363080833333335,-71.09382860000001
1573135610,42.36307955000001,-71.09381398333333
1573135611,42.36307934999999,-71.09380981666666
1573135611,42.36307398333333,-71.09378986666667
1573135611,42.36307396666666,-71.09378096666666
1573135611,42.363074450000006,-71.09376713333333
1573135612,42.36307403333333,-71.09375765
1573135612,42.363063333333336,-71.09374025000001
1573135612,42.3630618,-71.09372583333334
1573135612,42.36306066666666,-71.09371616666668
1573135613,42.36305886666667,-71.0937017
1573135613,42.363048049999996,-71.09368641666667
1573135613,42.36304686666668,-71.09367658333333
1573135613,42.36304533333333,-71.09366103333333
1573135614,42.36304435,-71.09365068333334
1573135614,42.363038016666664,-71.09364226666666
1573135614,42.36303621666666,-71.0936267
1573135615,42.363034783333326,-71.09361665
1573135615,42.36303188333333,-71.09359608333332
1573135615,42.3630267,-71.09358725000001
1573135615,42.36302496666668,-71.09357135
1573135616,42.36302363333333,-71.09356091666666
1573135616,42.36302241666667,-71.09355038333334
1573135616,42.36301728333333,-71.09353596666666
1573135616,42.36301404999999,-71.09351421666668
1573135617,42.36301236666666,-71.09350318333333
1573135617,42.3630106,-71.0934921
1573135617,42.363004716666666,-71.09347043333334
1573135617,42.36300316666668,-71.09345916666666
1573135618,42.36300018333333,-71.09343656666667
1573135618,42.362995000000005,-71.09342491666666
1573135618,42.36299255000001,-71.09340743333334
1573135618,42.36299128333333,-71.09339616666666
1573135619,42.36299008333334,-71.09338466666667
1573135619,42.36298596666668,-71.09336356666665
1573135619,42.362984866666665,-71.09335206666667
1573135620,42.3629838,-71.09334021666668
1573135620,42.362982200000005,-71.09332245
1573135620,42.36297983333334,-71.09330275
1573135620,42.36297836666667,-71.09328461666668
1573135621,42.36297726666666,-71.09327251666667
1573135621,42.36297606666667,-71.09326061666667
1573135621,42.362973666666655,-71.09324733333334
1573135621,42.36297163333334,-71.09322986666666
1573135622,42.36296938333333,-71.0932126
1573135622,42.362965966666664,-71.0931856
1573135622,42.36296431666666,-71.09316643333334
1573135622,42.362963416666666,-71.09315366666667
1573135623,42.36296246666667,-71.09314103333332
1573135623,42.362961416666664,-71.09312771666667
1573135623,42.36296053333334,-71.09311543333332
1573135624,42.36295953333333,-71.09309703333334
1573135624,42.36295796666666,-71.09307198333333
1573135624,42.362957216666665,-71.0930575
1573135624,42.36295643333333,-71.09304526666666
1573135625,42.362954916666666,-71.09302006666667
1573135625,42.36295431666667,-71.09300716666667
1573135625,42.362954050000006,-71.09299173333333
1573135625,42.362952933333325,-71.09297165
1573135626,42.36295234999999,-71.09295846666667
1573135626,42.362951633333324,-71.0929293
1573135626,42.36295101666666,-71.09291026666666
1573135626,42.36295043333333,-71.09289751666667
1573135627,42.3629492,-71.09287856666667
1573135627,42.3629482,-71.09285410000001
1573135627,42.3629477,-71.09284781666666
1573135627,42.362945499999995,-71.09282265
1573135628,42.362944150000004,-71.0928039
1573135628,42.362945733333326,-71.09278283333333
1573135628,42.36294401666667,-71.09276458333333
1573135629,42.362942766666656,-71.09275205
1573135629,42.36294083333334,-71.09273348333333
1573135629,42.3629408,-71.09270776666666
1573135629,42.3629388,-71.09268961666668
1573135630,42.36293745,-71.09267758333334
1573135630,42.36293625,-71.09266526666667
1573135630,42.362935500000006,-71.09264809999999
1573135630,42.36293363333333,-71.0926239
1573135631,42.36293281666667,-71.09261186666666
1573135631,42.36293066666667,-71.09258606666667
1573135631,42.362929766666674,-71.09257393333334
1573135631,42.362928716666666,-71.09256181666666
1573135632,42.3629277,-71.09254958333332
1573135632,42.36292305,-71.09252246666667
1573135632,42.36292135,-71.09250381666668
1573135633,42.362920233333334,-71.09249131666667
1573135633,42.362919083333324,-71.09247886666667
1573135633,42.362911733333334,-71.0924559
1573135633,42.3629104,-71.09244363333333
1573135634,42.362908749999995,-71.09242536666667
1573135634,42.362907650000004,-71.09241315
1573135634,42.3629015,-71.0924034
1573135634,42.36289876666666,-71.09237846666666
1573135635,42.36289751666667,-71.09236631666666
1573135635,42.36289635,-71.09235416666667
1573135635,42.36289003333333,-71.09233176666667
1573135636,42.36288755,-71.092302
1573135636,42.36288518333334,-71.09228436666668
1573135636,42.3628836,-71.092266
1573135636,42.36288243333334,-71.09225363333334
1573135637,42.36288135,-71.09224160000001
1573135637,42.362879649999996,-71.09222346666667
1573135637,42.36287831666667,-71.09220596666668
1573135638,42.362877383333334,-71.09218878333333
1573135638,42.36287683333333,-71.09217733333334
1573135638,42.36287605000001,-71.09215973333333
1573135638,42.36287561666666,-71.0921484
1573135639,42.3628755,-71.09213235
1573135639,42.36287566666667,-71.09212213333333
1573135639,42.36287533333334,-71.09211153333334
1573135639,42.362874500000004,-71.09208893333333
1573135640,42.36287351666667,-71.09207190000001
1573135640,42.36287275,-71.09206141666667
1573135640,42.36287170000001,-71.09204521666668
1573135640,42.362870433333335,-71.09202884999999
1573135641,42.36287000000001,-71.09202341666668
1573135641,42.36286888333334,-71.0920015
1573135641,42.362868033333335,-71.09199015
1573135641,42.36286631666667,-71.09197325
1573135642,42.36286521666666,-71.09196233333333
1573135642,42.362864566666666,-71.09194505
1573135642,42.362863583333336,-71.09193361666667
1573135643,42.36286216666667,-71.09191644999999
1573135643,42.362860983333334,-71.09189953333333
1573135643,42.362860266666665,-71.09188181666667
1573135643,42.36285785,-71.09186565
1573135644,42.36285670000001,-71.09185466666666
1573135644,42.36285696666667,-71.0918373
1573135644,42.36285636666667,-71.09183196666666
1573135644,42.36285461666667,-71.09181556666668
1573135645,42.362852966666665,-71.09179338333334
1573135645,42.36285423333334,-71.09177498333334
1573135645,42.362854500000005,-71.09176318333333
1573135645,42.36285458333334,-71.09175155
1573135646,42.362854133333336,-71.09172825
1573135646,42.362854166666665,-71.0917149
1573135646,42.362853949999995,-71.0916967
1573135647,42.362854016666674,-71.091678
1573135647,42.362853816666664,-71.09166574999999
1573135647,42.36285375,-71.0916512
1573135647,42.36285318333333,-71.09163903333334
1573135648,42.36285291666666,-71.09161503333333
1573135648,42.36285328333333,-71.09160324999999
1573135648,42.36285483333333,-71.09157735000001
1573135648,42.3628552,-71.09156616666667
1573135649,42.36285575,-71.09155488333334
1573135649,42.36285638333334,-71.09154385
1573135649,42.36285845000001,-71.09152073333334
1573135649,42.362859166666674,-71.09150405
1573135650,42.362859516666674,-71.0914925
1573135650,42.36286215,-71.09148213333333
1573135650,42.362862449999994,-71.09146605
1573135651,42.3628625,-71.09144355
1573135651,42.362862483333345,-71.09143746666666
1573135651,42.36286238333334,-71.09142019999999
1573135651,42.362861333333335,-71.09140186666667
1573135652,42.362860066666656,-71.09138296666667
1573135652,42.362860983333334,-71.09136515
1573135652,42.36286005,-71.09135316666668
1573135652,42.362858466666665,-71.09133518333333
1573135653,42.362856750000006,-71.09131731666666
1573135653,42.36285748333333,-71.09130413333334
1573135653,42.362856283333336,-71.09129195
1573135653,42.36285461666667,-71.09127361666667
1573135654,42.36285290000001,-71.09125573333334
1573135654,42.362854883333334,-71.09124475
1573135654,42.362853583333326,-71.0912268
1573135654,42.36285285,-71.09121475
1573135655,42.36285171666667,-71.09119638333333
1573135655,42.36285111666666,-71.09117145
1573135655,42.362850449999996,-71.09115988333333
1573135656,42.36284981666666,-71.09114848333333
1573135656,42.36284926666667,-71.09113726666666
1573135656,42.36285086666667,-71.09111691666666
1573135656,42.362851983333336,-71.09109995
1573135657,42.36285386666667,-71.09108298333334
1573135657,42.36285686666667,-71.09106393333333
1573135657,42.362858833333334,-71.09104681666666
1573135657,42.36285995,-71.09103543333335
1573135658,42.362861499999994,-71.09101823333334
1573135658,42.36286203333334,-71.09101229999999
1573135658,42.362866249999996,-71.09098685000001
1573135658,42.36286866666666,-71.0909691
1573135659,42.36287049999999,-71.09095093333333
1573135659,42.36287158333332,-71.09093788333332
1573135659,42.362872333333335,-71.0909197
1573135660,42.362873133333345,-71.09090769999999
1573135660,42.36287441666666,-71.09088973333334
1573135660,42.36287658333334,-71.09086951666667
1573135660,42.362876883333335,-71.09085788333333
1573135661,42.362877666666655,-71.09084056666667
1573135661,42.362880533333325,-71.09082155
1573135661,42.36288103333333,-71.09081031666666
1573135661,42.362881683333335,-71.09079906666666
1573135662,42.36288355,-71.09077713333333
1573135662,42.3628841,-71.09077181666666
1573135662,42.36288903333334,-71.09075468333334
1573135662,42.36289068333334,-71.09073958333333
1573135663,42.362891700000006,-71.09072911666668
1573135663,42.36289465,-71.0907076
1573135663,42.362895200000004,-71.09069663333334
1573135663,42.36289608333333,-71.09067974999999
1573135664,42.36289701666666,-71.09066336666666
1573135664,42.36289808333333,-71.090645
1573135664,42.36289891666667,-71.09063351666667
1573135665,42.36290054999999,-71.0906157
1573135665,42.36290191666667,-71.0906043
1573135665,42.36290399999999,-71.09059186666667
1573135665,42.36290668333333,-71.09056978333334
1573135666,42.362907966666675,-71.09055886666667
1573135666,42.362908583333336,-71.09055345
1573135666,42.36291121666667,-71.09052541666667
1573135666,42.36291216666667,-71.09051478333333
1573135667,42.36291316666667,-71.09049916666666
1573135667,42.362911583333336,-71.09048768333334
1573135667,42.362911649999994,-71.09047779999999
1573135667,42.36291096666667,-71.09045850000001
1573135668,42.362909450000004,-71.09044398333334
1573135668,42.36290835,-71.09043336666667
1573135668,42.362906949999996,-71.09041914999999
1573135669,42.36290593333333,-71.09040966666666
1573135669,42.36290401666667,-71.09039531666667
1573135669,42.362900583333335,-71.09038050000001
1573135669,42.36289996666667,-71.09037550000001
1573135670,42.36289733333333,-71.09035541666667
1573135670,42.36289658333333,-71.09035050000001
1573135670,42.36289103333334,-71.09033141666667
1573135670,42.3628886,-71.09031663333333
1573135671,42.36288605,-71.0903021
1573135671,42.362885166666665,-71.09029736666666
1573135671,42.36287515,-71.09028165
1573135671,42.36287348333334,-71.09027258333333
1573135672,42.362870949999994,-71.09025898333333
1573135672,42.36285671666666,-71.0902504
1573135672,42.362855316666675,-71.09024174999999
1573135672,42.36285253333334,-71.0902255
1573135673,42.362851,-71.09021806666667
1573135673,42.36284073333333,-71.09021305
1573135673,42.36283815,-71.09020336666667
1573135673,42.362836316666666,-71.09019731666667
1573135674,42.36283255,-71.09018646666667
1573135674,42.362825199999996,-71.09018474999999
1573135674,42.36282063333333,-71.09017614999999
1573135675,42.362816316666674,-71.09017081666666
1573135675,42.36281341666666,-71.09016801666667
1573135675,42.36280279999999,-71.09016773333333
1573135675,42.36279975000001,-71.09016700000001
1573135676,42.3627949,-71.09016656666665
1573135676,42.36279116666666,-71.09016675
1573135676,42.36277683333333,-71.09016966666667
1573135676,42.362773233333336,-71.09017161666667
1573135677,42.36276825,-71.09017548333333
1573135677,42.362761366666675,-71.09017561666666
1573135677,42.362758883333335,-71.09017783333334
1573135677,42.362755600000014,-71.09018238333333
1573135678,42.362753749999996,-71.09018538333333
1573135678,42.36275353333334,-71.09018590000001
1573135678,42.36274943333333,-71.09019283333335
1573135678,42.36274611666666,-71.09019713333335
1573135679,42.362741400000004,-71.09020105
1573135679,42.36273986666667,-71.09020258333334
1573135679,42.36273873333332,-71.09020325
1573135680,42.36273381666667,-71.09020563333333
1573135680,42.362730633333335,-71.09020756666668
1573135680,42.36272340000001,-71.09021118333334
1573135680,42.36271579999999,-71.0902159
1573135681,42.36271176666667,-71.09021751666667
1573135681,42.36270245000001,-71.09022215
1573135681,42.36269876666667,-71.09022341666667
1573135681,42.36269261666666,-71.09022475
1573135682,42.36268771666667,-71.09022485
1573135682,42.36267158333333,-71.09022903333333
1573135682,42.362662283333336,-71.09022978333334
1573135682,42.36265588333334,-71.09022901666667
1573135683,42.362646216666654,-71.09022708333333
1573135683,42.362638033333326,-71.09022931666667
1573135683,42.36262526666666,-71.09022805
1573135684,42.362620116666655,-71.09022759999999
1573135684,42.36261358333333,-71.09022658333333
1573135684,42.362604466666674,-71.09022815
1573135684,42.362602516666655,-71.0902283
1573135685,42.36259553333333,-71.09022920000001
1573135685,42.36258881666666,-71.09023305000001
1573135685,42.36258633333333,-71.09023428333333
1573135685,42.36258255,-71.09023533333334
1573135686,42.362578783333326,-71.09023578333334
1573135686,42.36257461666667,-71.09023748333334
1573135686,42.36257155,-71.090237
1573135686,42.36256861666667,-71.09023635
1573135687,42.362567850000005,-71.09023606666666
1573135687,42.3625643,-71.09023915
1573135687,42.362563,-71.09023928333333
1573135687,42.362560249999994,-71.09023866666666
1573135688,42.362557033333324,-71.09023789999999
1573135688,42.362552366666655,-71.09023973333332
1573135688,42.36254701666667,-71.09023780000001
1573135688,42.36254321666667,-71.09023705
1573135689,42.362537350000004,-71.09023678333332
1573135689,42.362530566666656,-71.09023853333333
1573135689,42.3625243,-71.09023761666667
1573135690,42.36251775,-71.09023593333333
1573135690,42.362513299999996,-71.0902344
1573135690,42.362505049999996,-71.0902322
1573135690,42.36249883333333,-71.09022853333333
1573135691,42.362496766666666,-71.09022709999999
1573135691,42.36248523333334,-71.09022024999999
1573135691,42.362482733333344,-71.09021854999999
1573135691,42.36247073333334,-71.09021083333334
1573135692,42.362463549999994,-71.09020696666667
1573135692,42.36245596666666,-71.09020325
1573135692,42.3624294,-71.09020063333334
1573135692,42.36242601666666,-71.09019918333333
1573135693,42.362412750000004,-71.09019258333333
1573135693,42.36239243333333,-71.09019235000001
1573135693,42.36238551666667,-71.09018946666667
1573135693,42.362378783333334,-71.09018648333334
1573135694,42.36236590000001,-71.09017999999999
1573135694,42.36235388333333,-71.09017823333333
1573135694,42.36234725,-71.0901748
1573135695,42.36233251666666,-71.09016641666668
1573135695,42.36232471666668,-71.0901612
1573135695,42.362311466666675,-71.09015885000001
1573135695,42.362300649999995,-71.090152
1573135696,42.36229363333334,-71.09014778333334
1573135696,42.362275133333334,-71.0901434
1573135696,42.36225720000001,-71.09013436666667
1573135697,42.362249883333334,-71.09013066666667
1573135697,42.36224271666667,-71.09012665
1573135697,42.362222949999996,-71.09012146666667
1573135697,42.3622159,-71.09011725
1573135698,42.36220891666667,-71.09011303333334
1573135698,42.36220176666667,-71.09010895
1573135698,42.362176100000006,-71.09010726666668
1573135698,42.36216481666667,-71.09010068333333
1573135699,42.36215723333333,-71.0900961
1573135699,42.36213603333334,-71.09009595
1573135699,42.36212848333333,-71.09009121666666
1573135700,42.36211726666667,-71.0900841
1573135700,42.362106383333334,-71.09007683333333
1573135700,42.36208853333332,-71.09007863333333
1573135700,42.362077299999996,-71.09007109999999
1573135701,42.362062383333324,-71.0900614
1573135701,42.36204476666666,-71.09006434999999
1573135701,42.362037449999995,-71.09005998333333
1573135701,42.36203016666666,-71.0900557
1573135702,42.362015916666664,-71.09004716666666
1573135702,42.361998416666665,-71.0900497
1573135702,42.36198475,-71.09004205
1573135702,42.361978183333335,-71.09003873333333
1573135703,42.361971733333334,-71.09003565
1573135703,42.3619571,-71.09003823333335
1573135703,42.36194489999999,-71.09003245000001
1573135703,42.36193906666667,-71.09002975
1573135704,42.361933449999995,-71.09002699999999
1573135704,42.3619159,-71.09002699999999
1573135704,42.361911316666664,-71.09002516666666
1573135705,42.361905566666664,-71.09002319999999
1573135705,42.36190156666666,-71.09002238333335
1573135705,42.36189035,-71.09002355
1573135705,42.361886649999995,-71.09002364999999
1573135706,42.36188038333333,-71.0900246
1573135706,42.361877616666675,-71.09002525
1573135706,42.36186508333333,-71.09002515
1573135706,42.3618605,-71.09002601666666
1573135707,42.36185825,-71.09002638333334
1573135707,42.3618487,-71.09002973333332
1573135707,42.361844716666674,-71.09002955
1573135707,42.3618418,-71.09002928333332
1573135708,42.36183708333333,-71.09002801666666
1573135708,42.36182166666667,-71.09003396666667
1573135708,42.36181713333334,-71.09003158333333
1573135709,42.36181226666666,-71.09002913333333
1573135709,42.361785866666665,-71.09003253333334
1573135709,42.36178353333333,-71.09003153333333
1573135710,42.36177876666667,-71.09003053333332
1573135710,42.36177626666666,-71.09003051666667
1573135710,42.361751883333326,-71.09003356666668
1573135710,42.361748716666675,-71.09003456666666
1573135711,42.361744200000004,-71.09003723333333
1573135711,42.36172743333333,-71.09004465
1573135711,42.361722283333336,-71.09004841666666
1573135711,42.3617185,-71.09005106666667
1573135712,42.36171453333333,-71.09005383333333
1573135712,42.36170011666666,-71.09006553333333
1573135712,42.361695766666664,-71.09006868333333
1573135712,42.36168890000001,-71.09007286666667
1573135713,42.361684233333335,-71.09007556666667
1573135713,42.361669516666666,-71.09008458333332
1573135713,42.361664283333326,-71.09008786666666
1573135714,42.361658683333324,-71.09009108333332
1573135714,42.36164711666667,-71.0900975
1573135714,42.361631933333335,-71.09010478333333
1573135714,42.36162566666667,-71.09010765
1573135715,42.36161941666666,-71.09011005
1573135715,42.36160268333333,-71.09011846666667
1573135715,42.36159645,-71.09012161666666
1573135715,42.36159005,-71.0901249
1573135716,42.361580350000004,-71.09013028333334
1573135716,42.361563849999996,-71.09013780000001
1573135716,42.36155716666667,-71.09014123333334
1573135716,42.361550400000006,-71.09014415
1573135717,42.36154005,-71.0901497
1573135717,42.36153091666667,-71.09015273333333
1573135717,42.361519866666676,-71.09015746666667
1573135717,42.361512733333335,-71.09016116666666
1573135718,42.36149786666666,-71.09016868333333
1573135718,42.361487999999994,-71.0901691
1573135718,42.36147691666667,-71.09017486666666
1573135719,42.36146988333333,-71.09017868333333
1573135719,42.36146321666667,-71.09018308333334
1573135719,42.36144976666666,-71.09019763333335
1573135719,42.361441966666675,-71.09020523333334
1573135720,42.36143911666666,-71.09020745
1573135720,42.36142486666666,-71.0902165
1573135720,42.36141813333334,-71.09021935
1573135720,42.36140895,-71.09022261666668
1573135721,42.3614007,-71.09022496666667
1573135721,42.36139240000001,-71.09019454999999
1573135721,42.36138975000001,-71.09019448333333
1573135721,42.361378,-71.09019126666666
1573135722,42.36137193333334,-71.09018878333333
1573135722,42.361363033333326,-71.090154
1573135722,42.36135778333334,-71.09015133333334
1573135723,42.36135288333333,-71.09014856666666
1573135723,42.36134588333333,-71.09014526666667
1573135723,42.361336683333334,-71.09013815
1573135723,42.36133473333333,-71.09013708333333
1573135724,42.36132694999999,-71.09013320000001
1573135724,42.36132528333333,-71.09013230000001
1573135724,42.361321200000006,-71.09011996666666
1573135724,42.36131783333334,-71.09011878333334
1573135725,42.361311416666666,-71.0901178
1573135725,42.36129958333333,-71.09011246666667
1573135725,42.361297799999996,-71.09011258333332
1573135725,42.36129161666666,-71.09011326666666
1573135726,42.36128838333334,-71.09011343333333
1573135726,42.36128178333333,-71.09010701666666
1573135726,42.361276499999995,-71.09010838333334
1573135727,42.36127260000001,-71.09010923333334
1573135727,42.36126590000001,-71.09010925
1573135727,42.36125976666668,-71.09009861666667
1573135727,42.36125216666666,-71.09009608333334
1573135728,42.361244199999994,-71.09009235
1573135728,42.3612414,-71.090091
1573135728,42.361232466666664,-71.09007778333333
1573135728,42.361224566666664,-71.0900735
1573135729,42.36121488333333,-71.09006729999999
1573135729,42.36121261666667,-71.09006568333334
1573135729,42.3612053,-71.09005106666667
1573135729,42.36119953333334,-71.09004581666666
1573135730,42.36119505,-71.09003973333333
1573135730,42.36119295,-71.09003023333334
1573135730,42.361190333333326,-71.09002425
1573135730,42.36118826666667,-71.0900164
1573135731,42.36118703333334,-71.09001043333332
1573135731,42.36118433333333,-71.0900027
1573135731,42.361182916666664,-71.0899967
1573135731,42.3611814,-71.08999151666667
1573135732,42.36117878333333,-71.08998446666666
1573135732,42.36117553333333,-71.08997306666667
1573135732,42.361172283333325,-71.0899664
1573135733,42.36116865,-71.08996
1573135733,42.36116418333333,-71.08995253333333
1573135733,42.36116116666667,-71.08994923333333
1573135733,42.361156483333325,-71.08994486666667
1573135734,42.36115246666667,-71.08994071666666
1573135734,42.36114985,-71.08993693333333
1573135734,42.36114831666667,-71.08993425
1573135734,42.361146999999995,-71.08993038333332
1573135735,42.36114753333333,-71.08992695
1573135735,42.36115268333333,-71.08992776666668
1573135735,42.361154983333336,-71.08992451666667
1573135735,42.36115758333333,-71.08992166666667
1573135736,42.36115946666667,-71.08991996666667
1573135736,42.36116676666667,-71.08992036666668
1573135736,42.36116845,-71.08991925000001
1573135736,42.36117613333332,-71.08991413333334
1573135737,42.361183233333335,-71.08990976666666
1573135737,42.36119283333334,-71.08990791666666
1573135737,42.36120089999999,-71.08990223333333
1573135737,42.36120625,-71.08989805
1573135738,42.361213250000006,-71.08989136666668
1573135738,42.3612221,-71.08988678333333
1573135738,42.36122626666667,-71.08988248333333
1573135739,42.36123321666667,-71.0898772
1573135739,42.361241416666665,-71.0898746
1573135739,42.36124495000001,-71.08987235
1573135739,42.36124889999999,-71.08986893333334
1573135740,42.36125173333333,-71.08986713333333
1573135740,42.36125163333333,-71.08986708333333
1573135740,42.36125378333333,-71.08986718333334
1573135740,42.36125783333333,-71.08986798333333
1573135741,42.3612627,-71.08987025
1573135741,42.361266533333335,-71.08987516666666
1573135741,42.361272199999995,-71.08988035
1573135741,42.36127628333334,-71.08988455000001
1573135742,42.36128326666667,-71.08989034999999
1573135742,42.36127768333334,-71.08990225
1573135742,42.36128663333334,-71.08990770000001
1573135742,42.36128871666667,-71.08990861666666
1573135743,42.36129658333333,-71.08991005
1573135743,42.36128878333334,-71.08991811666667
1573135743,42.361292066666664,-71.08991686666667
1573135744,42.361296599999996,-71.08991403333333
1573135744,42.36129904999999,-71.0899178
1573135744,42.36130163333333,-71.08991426666667
1573135744,42.36130501666666,-71.08990770000001
1573135745,42.36130721666667,-71.08990293333333
1573135745,42.36131183333334,-71.08990118333332
1573135745,42.361313116666665,-71.08989596666667
1573135745,42.361313966666664,-71.08989045
1573135746,42.36131444999999,-71.08987725
1573135746,42.3613173,-71.08987393333334
1573135746,42.36131648333333,-71.08986611666666
1573135747,42.36131493333334,-71.08985405
1573135747,42.36131356666667,-71.08984606666667
1573135747,42.36130923333334,-71.0898346
1573135747,42.361304616666665,-71.0898239
1573135747,42.361302849999994,-71.08982056666667
1573135748,42.361294866666675,-71.0898083
1573135748,42.361296700000004,-71.08980863333333
1573135748,42.36128875,-71.08980081666667
1573135749,42.3612829,-71.08979646666667
1573135749,42.3612735,-71.08979063333334
1573135749,42.36126531666667,-71.08978018333333
1573135749,42.36125903333333,-71.08977818333332
1573135750,42.36125069999999,-71.08977441666666
1573135750,42.361261266666666,-71.0897827
1573135750,42.36125595,-71.08977868333332
1573135750,42.361248499999995,-71.08977123333334
1573135751,42.36124165,-71.08976245000001
1573135751,42.36124078333334,-71.0897597
1573135751,42.36123523333334,-71.0897486
1573135751,42.3612315,-71.08973695
1573135752,42.3612307,-71.08973323333332
1573135752,42.36122718333333,-71.08972080000001
1573135752,42.36122718333333,-71.08971286666667
1573135753,42.361228499999996,-71.08970113333334
1573135753,42.361230649999996,-71.08969413333332
1573135753,42.36123193333333,-71.08968211666667
1573135753,42.361233750000004,-71.0896788
1573135754,42.361241500000006,-71.08966361666667
1573135754,42.36124540000001,-71.08965526666665
1573135754,42.36124921666666,-71.0896472
1573135754,42.361255416666665,-71.08963091666666
1573135755,42.36125858333333,-71.08962254999999
1573135755,42.36126183333334,-71.08961408333333
1573135755,42.361274183333336,-71.08959851666667
1573135755,42.36127969999999,-71.08958575
1573135756,42.36128358333334,-71.08957751666667
1573135756,42.36129156666666,-71.08956723333334
1573135756,42.36129676666666,-71.08955455
1573135756,42.36129996666667,-71.08954569999999
1573135757,42.361302916666666,-71.08953245
1573135757,42.36130498333333,-71.08951621666667
1573135757,42.36130504999999,-71.08950663333333
1573135758,42.3613047,-71.08949451666668
1573135758,42.36130456666667,-71.08948823333333
1573135758,42.361301683333345,-71.08947951666667
1573135758,42.361301100000006,-71.08947491666666
1573135759,42.361299466666665,-71.08946953333334
1573135759,42.36129398333334,-71.08945816666666
1573135759,42.36129251666666,-71.0894518
1573135759,42.361291449999996,-71.08944296666667
1573135760,42.36129228333333,-71.08943481666667
1573135760,42.36129259999999,-71.08942993333334
1573135760,42.36129493333333,-71.0894228
1573135760,42.36129748333333,-71.0894165
1573135761,42.361298149999996,-71.08941468333335
1573135761,42.36129725000001,-71.08940731666667
1573135761,42.361298266666665,-71.08940631666667
1573135761,42.36129918333333,-71.08940571666668
1573135762,42.36129965,-71.0894064
1573135762,42.36129653333334,-71.08939888333333
1573135762,42.36129653333334,-71.08939888333333
1573135762,42.36129653333334,-71.08939888333333
1573135763,42.36129653333334,-71.08939888333333
1573135763,42.36129653333334,-71.08939888333333
1573135763,42.36129653333334,-71.08939888333333
1573135764,42.36129653333334,-71.08939888333333
1573135764,42.36129653333334,-71.08939888333333
1573135764,42.36129653333334,-71.08939888333333
1573135764,42.36129653333334,-71.08939888333333
1573135765,42.36129653333334,-71.08939888333333
1573135765,42.36129653333334,-71.08939888333333
