1572961035,42.355542331990094,-71.10365137411576
1572961044,42.355542331990094,-71.10365137411576
1572961057,42.355400483333334,-71.10329603333334
1572961057,42.355400483333334,-71.10329603333334
1572961058,42.355400483333334,-71.10329603333334
1572961058,42.355400483333334,-71.10329603333334
1572961058,42.355400483333334,-71.10329603333334
1572961059,42.355400483333334,-71.10329603333334
1572961059,42.355400483333334,-71.10329603333334
1572961059,42.355400483333334,-71.10329603333334
1572961059,42.355400483333334,-71.10329603333334
1572961060,42.355400483333334,-71.10329603333334
1572961060,42.355400483333334,-71.10329603333334
1572961060,42.355400483333334,-71.10329603333334
1572961060,42.355400483333334,-71.10329603333334
1572961061,42.355400483333334,-71.10329603333334
1572961061,42.355400483333334,-71.10329603333334
1572961061,42.355400483333334,-71.10329603333334
1572961061,42.355400483333334,-71.10329603333334
1572961062,42.355400483333334,-71.10329603333334
1572961062,42.355400483333334,-71.10329603333334
1572961062,42.355400483333334,-71.10329603333334
1572961063,42.355400483333334,-71.10329603333334
1572961063,42.355400483333334,-71.10329603333334
1572961063,42.355400483333334,-71.10329603333334
1572961063,42.35539826666666,-71.10329544999999
1572961064,42.35539711666667,-71.10329585
1572961064,42.3553972,-71.10329666666667
1572961064,42.35544288333334,-71.10334116666667
1572961064,42.35544288333334,-71.10334116666667
1572961065,42.35544288333334,-71.10334116666667
1572961065,42.35544288333334,-71.10334116666667
1572961065,42.35544376666667,-71.10334203333333
1572961065,42.35544498333334,-71.1033424
1572961066,42.355446150000006,-71.10334283333333
1572961066,42.35544658333333,-71.10334263333333
1572961066,42.355480699999994,-71.10336991666667
1572961066,42.355481383333334,-71.10337084999999
1572961067,42.3554821,-71.10337068333334
1572961067,42.35550491666666,-71.10338101666666
1572961067,42.35550581666667,-71.10338098333334
1572961068,42.355507216666666,-71.10338101666666
1572961068,42.35551038333333,-71.10338198333334
1572961068,42.35553613333333,-71.10339775
1572961068,42.35553875,-71.10339883333333
1572961069,42.35554126666666,-71.10339996666667
1572961069,42.35554238333334,-71.10340035
1572961069,42.355568049999995,-71.1034177
1572961069,42.355568049999995,-71.1034177
1572961070,42.355568049999995,-71.1034177
1572961070,42.355568049999995,-71.1034177
1572961070,42.355568049999995,-71.1034177
1572961070,42.355568049999995,-71.1034177
1572961071,42.355568049999995,-71.1034177
1572961071,42.355568049999995,-71.1034177
1572961071,42.355568049999995,-71.1034177
1572961071,42.355568049999995,-71.1034177
1572961072,42.355568049999995,-71.1034177
1572961072,42.355568049999995,-71.1034177
1572961072,42.355568049999995,-71.1034177
1572961073,42.355568049999995,-71.1034177
1572961073,42.355568049999995,-71.1034177
1572961073,42.355568049999995,-71.1034177
1572961073,42.355568049999995,-71.1034177
1572961074,42.355568049999995,-71.1034177
1572961074,42.355568049999995,-71.1034177
1572961074,42.355568049999995,-71.1034177
1572961074,42.355568049999995,-71.1034177
1572961075,42.355568049999995,-71.1034177
1572961075,42.355568049999995,-71.1034177
1572961075,42.355568049999995,-71.1034177
1572961075,42.355568049999995,-71.1034177
1572961076,42.355568049999995,-71.1034177
1572961076,42.355568049999995,-71.1034177
1572961076,42.355568049999995,-71.1034177
1572961076,42.355568049999995,-71.1034177
1572961077,42.355568049999995,-71.1034177
1572961077,42.355568049999995,-71.1034177
1572961077,42.355568049999995,-71.1034177
1572961078,42.355568049999995,-71.1034177
1572961078,42.355568049999995,-71.1034177
1572961078,42.35556776666667,-71.10341778333333
1572961078,42.355567566666664,-71.1034178
1572961079,42.355567699999995,-71.10341806666666
1572961079,42.355568216666676,-71.10341841666667
1572961079,42.3555917,-71.10343513333333
1572961079,42.3555917,-71.10343513333333
1572961080,42.3555917,-71.10343513333333
1572961080,42.3555917,-71.10343513333333
1572961080,42.35559283333333,-71.10343676666666
1572961080,42.35559406666666,-71.10343803333333
1572961081,42.35559551666667,-71.10343893333334
1572961081,42.35559790000001,-71.10344053333333
1572961081,42.3556222,-71.10346003333333
1572961081,42.35562571666666,-71.10346224999999
1572961082,42.35562841666667,-71.10346401666666
1572961082,42.35564751666667,-71.10347906666665
1572961082,42.355650616666665,-71.10348025
1572961083,42.35565366666666,-71.10348049999999
1572961083,42.35565555,-71.10348043333333
1572961083,42.35567031666666,-71.10349131666668
1572961083,42.35567299999999,-71.10349115000001
1572961084,42.355675549999994,-71.1034911
1572961084,42.355677183333334,-71.10349125
1572961084,42.35569005000001,-71.10350201666667
1572961084,42.35569218333334,-71.10350201666667
1572961085,42.355694916666664,-71.10350188333334
1572961085,42.35569551666667,-71.10350188333334
1572961085,42.35570493333333,-71.10351035000001
1572961085,42.35570663333333,-71.10350966666667
1572961086,42.355708066666665,-71.10350916666665
1572961086,42.35570888333333,-71.1035089
1572961086,42.355718499999995,-71.10351778333334
1572961087,42.35572031666667,-71.10351715
1572961087,42.35572203333333,-71.10351625
1572961087,42.35572673333333,-71.10352576666668
1572961087,42.3557311,-71.10352265
1572961088,42.35573456666666,-71.10352015
1572961088,42.355736416666666,-71.10351879999999
1572961088,42.355745999999996,-71.10352358333333
1572961088,42.35575198333333,-71.10351911666666
1572961089,42.355758050000006,-71.10351433333334
1572961089,42.35576401666667,-71.10350905
1572961089,42.35577448333334,-71.10351515
1572961089,42.355776333333345,-71.10351296666666
1572961090,42.3557832,-71.10350365
1572961090,42.355786316666666,-71.10349885000001
1572961090,42.35579638333334,-71.10350391666665
1572961090,42.35580078333334,-71.10349651666667
1572961091,42.35580376666667,-71.10349126666667
1572961091,42.35581439999999,-71.10349548333333
1572961091,42.35581909999999,-71.1034872
1572961092,42.355822249999996,-71.10348168333333
1572961092,42.3558267,-71.1034734
1572961092,42.3558356,-71.10347971666667
1572961092,42.35583993333333,-71.10347066666667
1572961093,42.35584443333334,-71.10346185
1572961093,42.35584908333334,-71.10345313333333
1572961093,42.35585639999999,-71.10345648333333
1572961093,42.35586123333333,-71.10344753333334
1572961094,42.35586494999999,-71.10344171666667
1572961094,42.35587081666665,-71.10343268333332
1572961094,42.35587553333333,-71.10342823333333
1572961094,42.35587935,-71.10342203333333
1572961095,42.355885333333326,-71.10341236666666
1572961095,42.355895200000006,-71.10341336666667
1572961095,42.35589794999999,-71.10340738333332
1572961096,42.355901700000004,-71.10339828333333
1572961096,42.3559047,-71.10338918333333
1572961096,42.355912599999996,-71.10339278333333
1572961096,42.355915866666656,-71.10338440000001
1572961097,42.35591871666667,-71.10337894999999
1572961097,42.35592338333333,-71.10337118333334
1572961097,42.35593161666667,-71.10337151666666
1572961097,42.35593583333333,-71.1033667
1572961098,42.35594246666667,-71.10335981666667
1572961098,42.355946366666664,-71.10335526666667
1572961098,42.35595855,-71.10336043333334
1572961098,42.35596465,-71.10335223333333
1572961099,42.3559687,-71.10334641666667
1572961099,42.35597398333332,-71.10333703333335
1572961099,42.35598543333334,-71.10334341666668
1572961099,42.35598831666666,-71.10333716666668
1572961100,42.35599278333334,-71.10332725
1572961100,42.35599595000001,-71.10332026666667
1572961100,42.35601445,-71.1033257
1572961100,42.35601969999999,-71.10331405000001
1572961101,42.35602286666667,-71.10330640000001
1572961101,42.35603461666666,-71.10330688333333
1572961101,42.3560401,-71.10329465
1572961102,42.356044133333334,-71.10328634999999
1572961102,42.35604981666667,-71.10327391666667
1572961102,42.35605105,-71.1032763
1572961102,42.35605694999999,-71.10326415
1572961103,42.35606326666666,-71.10325228333332
1572961103,42.35606715,-71.1032442
1572961103,42.35606124999999,-71.1032395
1572961103,42.35606518333334,-71.1032309
1572961104,42.35607076666667,-71.10321818333334
1572961104,42.35607626666667,-71.10320533333334
1572961104,42.35603771666666,-71.10319783333333
1572961104,42.35604276666667,-71.10318476666666
1572961105,42.35604620000001,-71.10317605
1572961105,42.35605143333334,-71.10316343333334
1572961105,42.35599465,-71.10315833333334
1572961105,42.35600016666667,-71.10314636666668
1572961106,42.35600386666667,-71.10313863333334
1572961106,42.35601005,-71.10312736666667
1572961106,42.35598531666666,-71.103121
1572961106,42.355992016666676,-71.10310989999999
1572961107,42.355994233333334,-71.10310606666667
1572961107,42.35598513333333,-71.10309551666666
1572961107,42.35598951666666,-71.10308746666666
1572961108,42.35599833333334,-71.1030712
1572961108,42.35600285,-71.10306283333333
1572961108,42.356007633333334,-71.10305963333334
1572961108,42.35601213333333,-71.10305135
1572961109,42.35601915,-71.10303864999999
1572961109,42.356025849999995,-71.10302541666667
1572961109,42.356025716666664,-71.10301815
1572961109,42.356032199999994,-71.10300525
1572961110,42.356036399999994,-71.10299663333333
1572961110,42.35604246666667,-71.10298351666667
1572961110,42.35605305000001,-71.10297873333334
1572961110,42.356057150000005,-71.10297001666666
1572961111,42.35606330000001,-71.10295696666667
1572961111,42.35607186666666,-71.10294895000001
1572961111,42.35607589999999,-71.10293993333333
1572961111,42.35608196666667,-71.10292668333332
1572961112,42.35608608333333,-71.10291773333333
1572961112,42.35609015,-71.10290886666667
1572961112,42.356101,-71.10289591666667
1572961113,42.35610523333333,-71.10288701666667
1572961113,42.3561096,-71.10287811666667
1572961113,42.356121283333344,-71.10286695
1572961113,42.35612588333333,-71.10285801666667
1572961114,42.35613028333334,-71.10284924999999
1572961114,42.35613931666667,-71.10283150000001
1572961114,42.35614283333333,-71.10282796666667
1572961114,42.356147083333326,-71.10281873333334
1572961115,42.35615336666666,-71.10280461666666
1572961115,42.35615993333333,-71.10279063333334
1572961115,42.35616458333333,-71.10278481666666
1572961115,42.35617128333333,-71.102771
1572961116,42.3561779,-71.10275725
1572961116,42.35618248333333,-71.102748
1572961116,42.35619281666666,-71.1027385
1572961117,42.356199883333325,-71.10272461666666
1572961117,42.3562071,-71.10271091666667
1572961117,42.356210733333334,-71.10270229999999
1572961117,42.35621558333334,-71.10269315000001
1572961117,42.35622275000001,-71.10267935
1572961118,42.35623001666666,-71.10266583333333
1572961118,42.356232466666675,-71.10266138333333
1572961118,42.35623805,-71.1026442
1572961119,42.35624545,-71.10263053333334
1572961119,42.35625031666667,-71.10262138333333
1572961119,42.35625626666667,-71.10260966666667
1572961119,42.35626115,-71.10260033333334
1572961120,42.35626851666666,-71.10258653333334
1572961120,42.35627581666666,-71.10257241666666
1572961120,42.35628025,-71.10256268333332
1572961120,42.35628718333334,-71.10254813333333
1572961121,42.35629411666667,-71.10253393333335
1572961121,42.356298699999996,-71.10252466666667
1572961121,42.3563023,-71.10250995
1572961121,42.356309133333326,-71.10249643333333
1572961122,42.35631373333334,-71.10248745
1572961122,42.35631841666667,-71.10247463333333
1572961122,42.356325,-71.10246090000001
1572961123,42.35632926666667,-71.10245169999999
1572961123,42.35633563333334,-71.10243803333333
1572961123,42.35633693333333,-71.10242966666667
1572961123,42.35634125,-71.1024205
1572961124,42.35634776666667,-71.10240663333333
1572961124,42.35635405,-71.10239303333333
1572961124,42.35636001666666,-71.10237978333333
1572961124,42.35636423333334,-71.10237078333333
1572961125,42.35637038333333,-71.10235684999999
1572961125,42.35637443333333,-71.10234755
1572961125,42.356379516666664,-71.10233459999999
1572961125,42.356385716666665,-71.10232153333332
1572961126,42.35639198333333,-71.10230849999999
1572961126,42.35639608333333,-71.1023002
1572961126,42.35640291666667,-71.10229091666666
1572961126,42.35640723333333,-71.10228221666667
1572961127,42.356413733333326,-71.10226858333334
1572961127,42.3564181,-71.10225973333333
1572961127,42.3564245,-71.10224916666667
1572961127,42.35643103333333,-71.10223551666667
1572961128,42.35643771666667,-71.10222189999999
1572961128,42.35644168333333,-71.10221285
1572961128,42.35644836666667,-71.1021998
1572961129,42.35645513333334,-71.10218628333334
1572961129,42.35645965,-71.10217718333334
1572961129,42.356465750000005,-71.10216723333333
1572961129,42.356472383333326,-71.10215315
1572961130,42.356478916666674,-71.10213898333333
1572961130,42.3564831,-71.10212958333334
1572961130,42.35648611666667,-71.10212785
1572961130,42.35649261666667,-71.10211386666667
1572961131,42.35649923333334,-71.10209961666666
1572961131,42.35650353333334,-71.1020902
1572961131,42.35650949999999,-71.10207878333334
1572961131,42.3565162,-71.10206438333333
1572961132,42.3565207,-71.1020549
1572961132,42.356527416666665,-71.10204318333334
1572961132,42.35653455,-71.10202893333333
1572961133,42.356539350000006,-71.10201964999999
1572961133,42.3565468,-71.10200573333333
1572961133,42.356552300000004,-71.10199936666666
1572961133,42.356559916666654,-71.10198591666668
1572961134,42.35656723333334,-71.1019727
1572961134,42.35657208333333,-71.10196356666667
1572961134,42.35657968333333,-71.10195681666667
1572961134,42.35658423333333,-71.10194771666667
1572961135,42.35659098333334,-71.1019338
1572961135,42.35659786666667,-71.1019197
1572961135,42.35660408333334,-71.10190781666667
1572961135,42.356608666666666,-71.10189833333334
1572961136,42.356613249999995,-71.101889
1572961136,42.35662193333332,-71.10187540000001
1572961136,42.356626383333335,-71.10186646666666
1572961136,42.35663306666667,-71.10185249999999
1572961137,42.35663989999999,-71.10183833333333
1572961137,42.356654666666664,-71.10182336666666
1572961137,42.356659199999996,-71.10181396666667
1572961138,42.35666361666668,-71.10180475
1572961138,42.356672550000006,-71.10178638333333
1572961138,42.35668426666666,-71.1017772
1572961138,42.35669063333333,-71.10176365
1572961139,42.356695,-71.10175455
1572961139,42.35670166666667,-71.10174086666666
1572961139,42.356712183333336,-71.10172671666666
1572961139,42.356716616666674,-71.10171746666667
1572961140,42.35672326666666,-71.10170388333333
1572961140,42.35673286666667,-71.10168928333333
1572961140,42.356737316666674,-71.10168021666667
1572961141,42.356741416666665,-71.1016712
1572961141,42.35674973333333,-71.10165355000001
1572961141,42.356756633333326,-71.10164648333333
1572961141,42.35676338333332,-71.10163271666667
1572961142,42.3567696,-71.10161918333333
1572961142,42.35677395,-71.10161018333334
1572961142,42.35678128333334,-71.10160038333333
1572961142,42.356785783333336,-71.10159145
1572961143,42.356792283333334,-71.10157801666665
1572961143,42.35679885,-71.10156435
1572961143,42.35680421666666,-71.10155379999999
1572961143,42.35681096666667,-71.10154023333332
1572961144,42.35681521666667,-71.10153125000001
1572961144,42.356821599999996,-71.10151791666667
1572961144,42.356830633333324,-71.10150391666666
1572961144,42.35683533333332,-71.10149518333333
1572961145,42.356841749999994,-71.10148233333332
1572961145,42.3568513,-71.10146646666666
1572961145,42.356853550000004,-71.10146198333334
1572961145,42.356862633333336,-71.1014436
1572961146,42.35686713333333,-71.10143438333333
1572961146,42.3568766,-71.10142381666667
1572961146,42.35688335,-71.10140976666666
1572961147,42.356888049999995,-71.10140018333334
1572961147,42.356895116666664,-71.10138581666666
1572961147,42.356899350000006,-71.1013772
1572961147,42.35690675000001,-71.10136278333333
1572961148,42.3569117,-71.10135323333334
1572961148,42.35691905,-71.10133888333333
1572961148,42.35693318333333,-71.10132561666666
1572961148,42.35694046666668,-71.10131043333334
1572961149,42.35694546666667,-71.10130041666666
1572961149,42.35695295,-71.10128508333334
1572961149,42.35696176666667,-71.10127451666668
1572961149,42.356969033333336,-71.10125926666667
1572961150,42.35697553333333,-71.10124436666666
1572961150,42.35698501666668,-71.10122861666667
1572961150,42.35698978333333,-71.1012188
1572961150,42.35699673333334,-71.10120445
1572961151,42.35700153333334,-71.10119566666667
1572961151,42.35700634999999,-71.1011865
1572961151,42.35701564999999,-71.1011673
1572961152,42.35701968333333,-71.10115828333333
1572961152,42.357026466666674,-71.10114441666667
1572961152,42.35703078333333,-71.10113246666667
1572961152,42.35703765,-71.10111865
1572961153,42.357044066666674,-71.10110495
1572961153,42.35705083333334,-71.1010915
1572961153,42.357060450000006,-71.1010762
1572961153,42.357066383333326,-71.10106316666666
1572961154,42.35706969999999,-71.10105458333334
1572961154,42.35707588333333,-71.10104163333334
1572961154,42.3570895,-71.10102706666666
1572961154,42.35709428333333,-71.10101838333334
1572961155,42.35709881666667,-71.10100948333334
1572961155,42.35710890000001,-71.10098968333334
1572961155,42.35711351666667,-71.10098036666666
1572961155,42.35711828333333,-71.10097073333333
1572961156,42.35712518333333,-71.10095651666667
1572961156,42.357132916666664,-71.1009398
1572961156,42.35713676666666,-71.10093108333334
1572961156,42.357143133333324,-71.1009176
1572961157,42.35715006666666,-71.1009041
1572961157,42.35715938333333,-71.10088393333334
1572961157,42.35716428333333,-71.10087466666667
1572961158,42.357169183333326,-71.10086533333333
1572961158,42.35717665000001,-71.10085101666667
1572961158,42.35718226666666,-71.1008335
1572961158,42.35718959999999,-71.10081913333333
1572961159,42.35719441666667,-71.10080934999999
1572961159,42.357201599999996,-71.10079485
1572961159,42.35720391666667,-71.10078248333333
1572961159,42.357210833333326,-71.1007681
1572961160,42.35721806666667,-71.10075375
1572961160,42.35722139999999,-71.1007373
1572961160,42.357225983333336,-71.10072796666667
1572961160,42.357233099999995,-71.10071378333333
1572961161,42.35723793333333,-71.10070431666666
1572961161,42.357244083333335,-71.10068713333334
1572961161,42.3572519,-71.1006742
1572961162,42.35725728333333,-71.10066541666667
1572961162,42.357265383333335,-71.10065215
1572961162,42.357267883333336,-71.10064785
1572961162,42.35727693333333,-71.10062668333333
1572961163,42.357284083333326,-71.10061300000001
1572961163,42.357288783333324,-71.10060368333333
1572961163,42.35728866666667,-71.10059105
1572961163,42.357298033333336,-71.10057185000001
1572961164,42.357302749999995,-71.1005623
1572961164,42.35730981666668,-71.10054808333332
1572961164,42.35731526666667,-71.10053433333333
1572961164,42.35731985000001,-71.100525
1572961165,42.35732646666667,-71.10051061666665
1572961165,42.357330950000005,-71.10049411666667
1572961165,42.357335633333335,-71.1004844
1572961165,42.357342583333335,-71.10046975
1572961166,42.35734955,-71.10045515
1572961166,42.35735056666667,-71.10044366666666
1572961166,42.35735764999999,-71.10042998333333
1572961167,42.35736263333333,-71.10042085
1572961167,42.357369950000006,-71.10040726666666
1572961167,42.35737246666666,-71.10039016666666
1572961167,42.35737995,-71.10037645000001
1572961168,42.35738486666667,-71.10036735
1572961168,42.35739233333334,-71.1003536
1572961168,42.35739146666667,-71.1003412
1572961168,42.35739895,-71.10032751666665
1572961169,42.35740656666667,-71.10031381666666
1572961169,42.35741243333334,-71.10029741666666
1572961169,42.35741751666666,-71.1002878
1572961169,42.35742493333334,-71.10027356666666
1572961170,42.35743238333333,-71.10025926666667
1572961170,42.35743441666667,-71.10024785
1572961170,42.357442183333326,-71.1002335
1572961171,42.35744726666667,-71.10022383333333
1572961171,42.357454833333335,-71.10020885
1572961171,42.35745866666666,-71.1001897
1572961171,42.35746371666667,-71.10017993333332
1572961172,42.35747118333334,-71.10016535
1572961172,42.357476116666675,-71.10015526666666
1572961172,42.35748076666667,-71.10013535
1572961172,42.35748555,-71.10012495
1572961173,42.357494716666665,-71.1001042
1572961173,42.35749921666667,-71.10009371666666
1572961173,42.35750391666667,-71.10007443333335
1572961173,42.35750825,-71.1000647
1572961174,42.3575152,-71.10005066666666
1572961174,42.35751978333333,-71.10004101666667
1572961174,42.35752633333333,-71.10002541666667
1572961174,42.35753091666667,-71.10001518333333
1572961175,42.35753781666667,-71.09999916666668
1572961175,42.35754241666667,-71.09998881666667
1572961175,42.35754485000001,-71.09997315000001
1572961175,42.35755219999999,-71.09995803333334
1572961176,42.35755701666667,-71.09994805
1572961176,42.35756206666667,-71.09993793333334
1572961176,42.35757036666667,-71.09991378333334
1572961177,42.35757793333334,-71.09989845
1572961177,42.357583000000005,-71.09988808333333
1572961177,42.357589633333326,-71.09987106666668
1572961177,42.3575948,-71.09986073333333
1572961178,42.35760256666668,-71.09984555
1572961178,42.35760775,-71.09983576666667
1572961178,42.357617566666676,-71.09981913333333
1572961178,42.35762281666667,-71.09980901666667
1572961179,42.35763083333333,-71.09979369999999
1572961179,42.357638683333334,-71.09977828333334
1572961179,42.357646166666676,-71.09976316666666
1572961179,42.35765126666667,-71.09975301666667
1572961180,42.35765871666668,-71.09973808333335
1572961180,42.35766648333333,-71.09972261666667
1572961180,42.357671716666665,-71.09971236666667
1572961180,42.35767958333333,-71.09969676666667
1572961181,42.357687266666666,-71.09968115
1572961181,42.35769431666666,-71.09966538333333
1572961181,42.35769926666667,-71.09965501666667
1572961182,42.35770676666666,-71.0996395
1572961182,42.35771426666667,-71.0996238
1572961182,42.35771861666667,-71.09961161666666
1572961182,42.35772361666667,-71.09960120000001
1572961183,42.35772841666667,-71.09959096666667
1572961183,42.35773831666667,-71.09957036666667
1572961183,42.35774503333334,-71.09955221666668
1572961183,42.35775028333334,-71.09954188333333
1572961184,42.35775533333334,-71.09953173333334
1572961184,42.35776236666667,-71.09951653333333
1572961184,42.35776863333334,-71.09949950000001
1572961184,42.357773200000004,-71.09948923333333
1572961185,42.35778001666666,-71.09947383333333
1572961185,42.3577862,-71.09946148333334
1572961185,42.35779088333334,-71.0994515
1572961185,42.357797766666664,-71.09943643333332
1572961186,42.35780486666666,-71.09942165000001
1572961186,42.35781063333334,-71.09941485
1572961186,42.357815650000006,-71.09940491666667
1572961186,42.357823016666664,-71.09938986666667
1572961187,42.357830449999994,-71.09937473333332
1572961187,42.35783508333334,-71.09936253333333
1572961187,42.35784003333333,-71.09935215
1572961188,42.35784951666666,-71.09933196666665
1572961188,42.35785431666667,-71.09932201666668
1572961188,42.35786281666667,-71.09930986666666
1572961188,42.35786746666666,-71.09930031666666
1572961189,42.35787506666667,-71.09928578333333
1572961189,42.357882749999995,-71.09927063333333
1572961189,42.35788738333334,-71.09926055
1572961189,42.357892250000006,-71.09925065
1572961190,42.35789921666666,-71.09923606666666
1572961190,42.35790626666667,-71.09922185
1572961190,42.35791101666667,-71.09921155
1572961190,42.357918500000004,-71.09919665000001
1572961191,42.35792565,-71.09918231666667
1572961191,42.35793005,-71.09917300000001
1572961191,42.3579385,-71.09916034999999
1572961191,42.357943066666664,-71.09915106666668
1572961192,42.35794995,-71.0991374
1572961192,42.357957133333336,-71.09912426666666
1572961192,42.35796141666667,-71.09911534999999
1572961192,42.35796761666667,-71.0991022
1572961193,42.357971933333324,-71.09909326666666
1572961193,42.357978966666664,-71.09907665
1572961193,42.35798508333334,-71.09906351666667
1572961193,42.35798925,-71.09905501666667
1572961194,42.357995366666664,-71.09904226666666
1572961194,42.35800105,-71.0990324
1572961194,42.358007416666666,-71.09901873333334
1572961195,42.35801371666667,-71.09900506666666
1572961195,42.358017966666665,-71.09899613333334
1572961195,42.358024916666665,-71.09898305
1572961195,42.35803129999999,-71.09896966666668
1572961196,42.358035799999996,-71.09896075
1572961196,42.35804225,-71.09894728333333
1572961196,42.35804866666667,-71.09893699999999
1572961196,42.358055633333336,-71.09892289999999
1572961197,42.35806038333333,-71.09891361666666
1572961197,42.3580697,-71.09890161666668
1572961197,42.35807416666666,-71.09889256666666
1572961198,42.35808116666667,-71.09887883333334
1572961198,42.35808805,-71.09886508333334
1572961198,42.35809173333334,-71.09885725000001
1572961198,42.35809846666666,-71.0988437
1572961199,42.35810516666667,-71.09882966666667
1572961199,42.35810981666667,-71.09882049999999
1572961199,42.358115466666675,-71.09880896666667
1572961199,42.35812241666666,-71.0987952
1572961200,42.35812953333334,-71.09878163333333
1572961200,42.35813648333333,-71.09876826666667
1572961200,42.35814591666667,-71.09875566666666
1572961200,42.358150533333344,-71.09874646666667
1572961201,42.3581552,-71.0987372
1572961201,42.358159816666664,-71.09872781666667
1572961201,42.358169600000004,-71.09871053333333
1572961201,42.35817448333334,-71.09870126666667
1572961202,42.35818151666667,-71.09868776666667
1572961202,42.35818626666667,-71.09867904999999
1572961202,42.358192949999996,-71.09866480000001
1572961203,42.358200100000005,-71.09865133333332
1572961203,42.35820733333333,-71.09863745
1572961203,42.35821478333334,-71.09862658333333
1572961203,42.35822195000001,-71.0986123
1572961204,42.35822685,-71.098603
1572961204,42.3582342,-71.09858881666668
1572961204,42.35823993333333,-71.09857413333334
1572961204,42.35824465,-71.09856446666666
1572961205,42.35825153333334,-71.09855038333333
1572961205,42.358258416666665,-71.09853628333333
1572961205,42.35826176666666,-71.09852668333333
1572961205,42.35826876666667,-71.09851206666667
1572961206,42.35827351666667,-71.09850225000001
1572961206,42.35828060000001,-71.09848728333333
1572961206,42.35828873333334,-71.09847243333334
1572961206,42.35829333333333,-71.09846236666667
1572961207,42.35829756666667,-71.09845263333334
1572961207,42.358304233333335,-71.0984376
1572961207,42.35831233333333,-71.09842263333333
1572961207,42.358316650000006,-71.09841259999999
1572961208,42.35832328333333,-71.09839791666666
1572961208,42.3583324,-71.09838356666667
1572961208,42.358337,-71.09837315
1572961208,42.35834385,-71.09835801666667
1572961209,42.35835078333333,-71.09834328333334
1572961209,42.358356566666664,-71.09833133333333
1572961209,42.35836393333334,-71.09831605
1572961210,42.3583692,-71.0983056
1572961210,42.358376633333336,-71.09829043333333
1572961210,42.35838218333333,-71.09828225
1572961210,42.358386933333335,-71.09827226666667
1572961211,42.35839726666666,-71.09825215000001
1572961211,42.35840233333334,-71.09824205
1572961211,42.35841383333333,-71.09822748333333
1572961211,42.358420933333335,-71.0982121
1572961212,42.35842721666666,-71.0981972
1572961212,42.358431583333335,-71.09818733333333
1572961212,42.358437583333334,-71.09817791666666
1572961212,42.35844751666667,-71.09815718333333
1572961213,42.35845271666667,-71.09814658333333
1572961213,42.35846173333332,-71.09813203333333
1572961213,42.35846648333333,-71.09812153333334
1572961214,42.35847593333333,-71.09810083333333
1572961214,42.35848046666667,-71.09809031666667
1572961214,42.35848943333334,-71.0980746
1572961214,42.358493816666666,-71.0980637
1572961215,42.358500516666666,-71.09804746666667
1572961215,42.35850744999999,-71.09803131666666
1572961215,42.35851305,-71.09802026666667
1572961215,42.35851956666667,-71.09800483333333
1572961216,42.35852416666667,-71.09799463333334
1572961216,42.35853165,-71.09797923333335
1572961216,42.358539333333326,-71.09796441666667
1572961216,42.35854415000001,-71.09795426666666
1572961217,42.35855173333333,-71.09793883333333
1572961217,42.35855686666667,-71.09792863333334
1572961217,42.35856455,-71.0979129
1572961217,42.35856963333334,-71.09790236666666
1572961218,42.358577033333326,-71.09788725
1572961218,42.35858391666667,-71.09787096666668
1572961218,42.358588700000006,-71.09786111666668
1572961219,42.358595833333325,-71.09784636666667
1572961219,42.35860298333334,-71.09783146666666
1572961219,42.35861453333334,-71.09781533333333
1572961219,42.35861933333334,-71.09780533333333
1572961220,42.35862681666667,-71.0977905
1572961220,42.3586317,-71.09778060000001
1572961220,42.35864861666667,-71.09776525000001
1572961220,42.358656133333334,-71.09775036666667
1572961221,42.358658733333336,-71.09774538333333
1572961221,42.35866915,-71.09772585
1572961221,42.35867528333333,-71.09771025
1572961221,42.35868013333334,-71.09770008333334
1572961222,42.35868506666667,-71.09768994999999
1572961222,42.35869233333333,-71.09767471666667
1572961222,42.35870204999999,-71.09766474999999
1572961222,42.3587118,-71.09764536666667
1572961223,42.358718233333335,-71.09763011666668
1572961223,42.35872843333333,-71.09761823333334
1572961223,42.358733150000006,-71.09760816666667
1572961224,42.3587404,-71.09759298333333
1572961224,42.358747683333334,-71.09757781666667
1572961224,42.35876068333334,-71.09756261666666
1572961224,42.35876311666666,-71.09755751666667
1572961225,42.358772516666676,-71.09753699999999
1572961225,42.3587777,-71.0975268
1572961225,42.35879171666667,-71.09751030000001
1572961225,42.35879648333333,-71.09749996666666
1572961226,42.358803599999995,-71.09748485
1572961226,42.358810350000006,-71.09746953333334
1572961226,42.35882024999999,-71.09745453333333
1572961226,42.35882408333334,-71.09744538333332
1572961227,42.35883091666666,-71.097431
1572961227,42.3588358,-71.09742131666667
1572961227,42.35884073333333,-71.09740704999999
1572961227,42.358848433333335,-71.09739226666667
1572961228,42.35885348333333,-71.09738236666666
1572961228,42.358860883333335,-71.09736670000001
1572961228,42.35886596666666,-71.09735673333333
1572961228,42.35887108333333,-71.09734660000001
1572961229,42.3588812,-71.09732658333334
1572961229,42.35888785,-71.09731013333334
1572961229,42.3588928,-71.09730028333333
1572961230,42.35890056666668,-71.09728539999999
1572961230,42.35890578333333,-71.09727533333333
1572961230,42.35891073333334,-71.09725981666666
1572961230,42.358918233333334,-71.09724438333332
1572961231,42.35892333333333,-71.09723441666667
1572961231,42.35893049999999,-71.09721981666667
1572961231,42.358940100000005,-71.09720855
1572961231,42.35894751666667,-71.09719411666667
1572961232,42.35895260000001,-71.09718436666667
1572961232,42.35896016666667,-71.09716935
1572961232,42.358970183333334,-71.09715368333333
1572961232,42.35897525,-71.09714361666667
1572961233,42.35898051666667,-71.09713364999999
1572961233,42.35898793333334,-71.09711846666667
1572961233,42.35899666666666,-71.09710249999999
1572961233,42.35900413333334,-71.09708735
1572961234,42.35900906666667,-71.09707695
1572961234,42.359024516666665,-71.0970611
1572961234,42.35902968333333,-71.09705041666666
1572961234,42.3590348,-71.09703979999999
1572961235,42.35904275,-71.09702356666666
1572961235,42.35904791666667,-71.09701285
1572961235,42.35905423333333,-71.09699746666666
1572961235,42.35906141666666,-71.09698188333333
1572961236,42.359068449999995,-71.0969666
1572961236,42.35907183333334,-71.09695655
1572961236,42.35907895,-71.09694166666667
1572961237,42.359083733333335,-71.09693171666666
1572961237,42.359090900000005,-71.09691685
1572961237,42.35909658333333,-71.09690118333333
1572961237,42.35910411666667,-71.09688655
1572961238,42.35910898333333,-71.09687681666666
1572961238,42.359116283333336,-71.09686208333332
1572961238,42.35911923333333,-71.09685171666666
1572961238,42.3591265,-71.09683706666667
1572961239,42.35913383333333,-71.0968227
1572961239,42.359138683333335,-71.09681311666667
1572961239,42.359143816666666,-71.09679976666666
1572961239,42.35914853333334,-71.09679025
1572961240,42.35915551666667,-71.09677576666667
1572961240,42.35916023333332,-71.0967662
1572961240,42.35916568333334,-71.09675223333333
1572961240,42.35917298333334,-71.09673808333334
1572961241,42.35917998333333,-71.09672373333333
1572961241,42.35918341666667,-71.09671451666667
1572961241,42.359190149999996,-71.09670038333334
1572961242,42.359194683333335,-71.09669121666667
1572961242,42.35920121666666,-71.09667741666667
1572961242,42.35920715,-71.09666351666667
1572961242,42.3592108,-71.09665476666667
1572961243,42.35921553333333,-71.0966423
1572961243,42.35922155,-71.09663065
1572961243,42.359225066666674,-71.09662191666666
1572961243,42.35923196666666,-71.0966105
1572961244,42.35923661666668,-71.09660328333332
1572961244,42.35924443333334,-71.09659261666667
1572961244,42.35925046666666,-71.09658131666667
1572961244,42.359255649999994,-71.09657478333334
1572961245,42.359262949999994,-71.096565
1572961245,42.35926825,-71.09655851666666
1572961245,42.359274783333326,-71.0965489
1572961245,42.359281566666674,-71.09654005
1572961246,42.35928621666667,-71.09653415
1572961246,42.359297766666664,-71.09652406666667
1572961246,42.35930458333333,-71.09651375
1572961247,42.359309383333326,-71.09650641666667
1572961247,42.359316266666674,-71.09649471666667
1572961247,42.35932443333333,-71.09648501666668
1572961247,42.359330316666664,-71.09647323333333
1572961248,42.359336083333325,-71.09646120000001
1572961248,42.35933978333335,-71.09645245
1572961248,42.35934841666667,-71.0964345
1572961248,42.35935231666667,-71.09642521666666
1572961249,42.35935836666666,-71.09641115
1572961249,42.359364983333336,-71.09639791666666
1572961249,42.359376316666676,-71.0963846
1572961249,42.359380650000006,-71.09637565
1572961250,42.35938633333334,-71.09636218333333
1572961250,42.359394800000004,-71.09634815
1572961250,42.3593985,-71.09633895
1572961250,42.35940479999999,-71.09632551666667
1572961251,42.35941166666666,-71.09631209999999
1572961251,42.35941989999999,-71.09629686666668
1572961251,42.35942423333333,-71.09628748333333
1572961252,42.35943033333333,-71.09627385
1572961252,42.359437250000006,-71.09625963333333
1572961252,42.35944361666667,-71.09624886666667
1572961252,42.359450333333335,-71.09623475000001
1572961253,42.359454716666676,-71.09622548333334
1572961253,42.35946143333334,-71.09621173333333
1572961253,42.35946888333333,-71.09619710000001
1572961253,42.35947326666666,-71.09618751666667
1572961254,42.35947991666667,-71.09617355
1572961254,42.359489616666664,-71.09615866666667
1572961254,42.35949385000001,-71.09614928333333
1572961255,42.35949803333333,-71.09614011666666
1572961255,42.35950408333333,-71.09612646666666
1572961255,42.35951483333333,-71.09610728333334
1572961255,42.359518783333336,-71.09609801666667
1572961256,42.35952501666667,-71.09608426666667
1572961256,42.35952940000001,-71.09607513333334
1572961256,42.359538400000005,-71.09606085
1572961256,42.35954436666666,-71.09604638333333
1572961257,42.359548533333324,-71.09603676666667
1572961257,42.35955510000001,-71.0960217
1572961257,42.35956443333333,-71.09601039999998
1572961257,42.359570983333334,-71.09599535000001
1572961258,42.35957723333333,-71.09598031666665
1572961258,42.35958093333334,-71.09597021666667
1572961258,42.35958868333334,-71.0959523
1572961258,42.359593716666666,-71.09593716666667
1572961259,42.3595973,-71.09592736666666
1572961259,42.3596056,-71.09590981666666
1572961259,42.35961009999999,-71.0959001
1572961260,42.359617,-71.09588558333333
1572961260,42.359623933333324,-71.09587075
1572961260,42.35962845,-71.09586075000001
1572961260,42.359635499999996,-71.09584596666667
1572961261,42.35964224999999,-71.09583141666667
1572961261,42.3596467,-71.09582173333334
1572961261,42.35965276666667,-71.09580521666666
1572961261,42.3596595,-71.09579046666666
1572961262,42.35966385,-71.09578069999999
1572961262,42.35967061666667,-71.09576596666668
1572961262,42.35967286666668,-71.0957559
1572961262,42.3596798,-71.09574133333334
1572961263,42.35968713333333,-71.0957265
1572961263,42.359691516666665,-71.0957103
1572961263,42.359696666666665,-71.09569984999999
1572961263,42.359701616666676,-71.09568958333332
1572961264,42.35970901666667,-71.09567473333333
1572961264,42.359721433333334,-71.0956551
1572961264,42.3597261,-71.0956452
1572961265,42.359732833333325,-71.09563056666666
1572961265,42.3597375,-71.09562063333333
1572961265,42.35974638333334,-71.09560598333334
1572961265,42.35975319999999,-71.09559171666666
1572961266,42.359758049999996,-71.09558221666666
1572961266,42.359765233333334,-71.09556810000001
1572961266,42.35977,-71.09555853333333
1572961266,42.35977695,-71.0955446
1572961267,42.359781549999994,-71.09553506666666
1572961267,42.35978841666667,-71.09552113333332
1572961267,42.359795500000004,-71.09550644999999
1572961267,42.35979999999999,-71.09549716666668
1572961268,42.359806733333336,-71.09548296666667
1572961268,42.359811300000004,-71.09547366666668
1572961268,42.359817199999995,-71.09545881666666
1572961268,42.359823850000005,-71.09544471666666
1572961269,42.3598306,-71.0954308
1572961269,42.359833916666666,-71.09542133333333
1572961269,42.35984045,-71.0954078
1572961270,42.3598447,-71.09539881666666
1572961270,42.35985103333334,-71.09538541666667
1572961270,42.35985816666666,-71.09537099999999
1572961270,42.35986473333334,-71.09535729999999
1572961271,42.35987123333332,-71.09534348333334
1572961271,42.35987545,-71.09533421666667
1572961271,42.35988264999999,-71.09532061666667
1572961271,42.359886933333335,-71.09531156666667
1572961272,42.35989115000001,-71.09530278333334
1572961272,42.359897483333334,-71.09528959999999
1572961272,42.35990515,-71.09527693333332
1572961272,42.35991161666667,-71.09526356666666
1572961273,42.35991796666667,-71.09525078333333
1572961273,42.359921850000006,-71.09524083333334
1572961273,42.35992773333334,-71.09522829999999
1572961274,42.359933600000005,-71.09521646666667
1572961274,42.35993776666666,-71.09520864999999
1572961274,42.359943533333336,-71.09519613333333
1572961274,42.359947399999996,-71.09518835
1572961275,42.35995091666667,-71.09518033333333
1572961275,42.35995733333333,-71.09516415
1572961275,42.35996293333332,-71.09515255
1572961275,42.35996661666667,-71.09514511666667
1572961276,42.359971816666665,-71.09513371666667
1572961276,42.359975266666666,-71.09512583333334
1572961276,42.359981883333326,-71.09511331666666
1572961276,42.35998718333334,-71.09510205000001
1572961277,42.35999078333332,-71.09509433333332
1572961277,42.35999456666667,-71.09508635
1572961277,42.36000094999999,-71.09507289999999
1572961277,42.36000643333334,-71.0950607
1572961278,42.36001238333333,-71.09504831666666
1572961278,42.36001781666668,-71.09503910000001
1572961278,42.36002406666667,-71.09502728333334
1572961279,42.36002806666667,-71.0950192
1572961279,42.36003423333333,-71.0950072
1572961279,42.36004123333334,-71.09499265
1572961279,42.3600431,-71.09498851666667
1572961280,42.36004916666668,-71.09497635
1572961280,42.36005575000001,-71.09496461666666
1572961280,42.360062466666676,-71.09495079999999
1572961280,42.36006904999999,-71.09493916666668
1572961281,42.36007331666666,-71.09493141666667
1572961281,42.36007953333333,-71.09491993333333
1572961281,42.3600838,-71.09490881666667
1572961281,42.36008906666667,-71.0948963
1572961282,42.36009408333332,-71.09488373333333
1572961282,42.36009733333333,-71.09487531666666
1572961282,42.36010175,-71.09486083333333
1572961282,42.360106783333336,-71.0948487
1572961283,42.36011023333333,-71.0948408
1572961283,42.360113950000006,-71.09482585
1572961283,42.36011919999999,-71.09481484999999
1572961284,42.360122516666664,-71.09480783333333
1572961284,42.36012805,-71.09479753333333
1572961284,42.3601284,-71.09478816666666
1572961284,42.360135166666666,-71.0947736
1572961285,42.36013833333333,-71.09476665
1572961285,42.360142983333326,-71.09475703333332
1572961285,42.36014555,-71.0947474
1572961285,42.36014841666667,-71.09474133333333
1572961286,42.36015108333333,-71.09473526666667
1572961286,42.360154483333325,-71.09472670000001
1572961286,42.36015006666667,-71.09471588333334
1572961286,42.360151333333334,-71.09471165000001
1572961287,42.360152466666655,-71.09470741666668
1572961287,42.360154316666666,-71.09470074999999
1572961287,42.360148466666665,-71.09469393333333
1572961288,42.36014958333333,-71.09468468333333
1572961288,42.36014951666666,-71.09467795
1572961288,42.360140733333346,-71.09467136666667
1572961288,42.36013873333333,-71.09466523333334
1572961289,42.36013713333334,-71.09466106666667
1572961289,42.36013533333333,-71.0946554
1572961289,42.36013065,-71.09464928333334
1572961289,42.360129300000004,-71.09464506666667
1572961290,42.360127466666675,-71.09463731666666
1572961290,42.3601244,-71.09462983333333
1572961290,42.36012096666666,-71.09462489999999
1572961290,42.36011758333334,-71.09461778333333
1572961291,42.36011443333333,-71.09461085
1572961291,42.36011211666668,-71.09460658333334
1572961291,42.360108216666674,-71.09460096666668
1572961291,42.36010461666667,-71.09459505
1572961292,42.360101900000004,-71.09459095000001
1572961292,42.36009746666667,-71.09458396666668
1572961292,42.360093549999995,-71.09457761666667
1572961293,42.360090716666676,-71.0945734
1572961293,42.360086283333345,-71.09456618333334
1572961293,42.36008233333334,-71.09456303333333
1572961293,42.36007533333333,-71.09455138333333
1572961294,42.36007173333334,-71.09454561666666
1572961294,42.36006665,-71.09453731666667
1572961294,42.36006073333333,-71.0945321
1572961294,42.36005756666667,-71.09452718333334
1572961295,42.36005365,-71.09452055
1572961295,42.36005131666668,-71.09451633333333
1572961295,42.36004676666666,-71.09451173333333
1572961295,42.360043266666665,-71.0945046
1572961296,42.36004058333333,-71.0945001
1572961296,42.36003616666667,-71.09449330000001
1572961296,42.360033566666665,-71.0944875
1572961297,42.36003076666666,-71.09448054999999
1572961297,42.360027800000005,-71.0944755
1572961297,42.36002113333334,-71.0944692
1572961297,42.360017016666674,-71.09446328333333
1572961298,42.360012083333345,-71.09445810000001
1572961298,42.36000181666667,-71.094448
1572961298,42.359995700000006,-71.09444181666666
1572961298,42.35999126666667,-71.09443646666666
1572961299,42.35998523333333,-71.09442925
1572961299,42.35997786666667,-71.09442206666665
1572961299,42.35997085,-71.09441506666667
1572961299,42.35996226666666,-71.09440591666666
1572961300,42.359954566666666,-71.0943955
1572961300,42.359949683333326,-71.09438846666667
1572961300,42.359941250000006,-71.09437775
1572961300,42.35993656666666,-71.09437083333334
1572961301,42.359929,-71.09435996666666
1572961301,42.359919149999996,-71.09434854999999
1572961301,42.3599142,-71.09434148333332
1572961301,42.35990691666666,-71.09433055
1572961302,42.359902250000005,-71.09432333333334
1572961302,42.35989796666666,-71.09431651666667
1572961302,42.3598881,-71.09430333333333
1572961303,42.35988405,-71.0942974
1572961303,42.35987788333333,-71.09428743333332
1572961303,42.359871350000006,-71.09427945
1572961303,42.35986726666666,-71.09427274999999
1572961304,42.35985896666666,-71.09426041666667
1572961304,42.35985468333333,-71.09425438333332
1572961304,42.35984716666667,-71.09424413333333
1572961304,42.35984351666666,-71.09423885
1572961305,42.359837916666656,-71.0942313
1572961305,42.3598331,-71.09422361666667
1572961305,42.35982821666666,-71.09421695
1572961305,42.35982353333333,-71.0942087
1572961306,42.359820683333325,-71.09420324999999
1572961306,42.35981745000001,-71.09419645
1572961306,42.35981333333334,-71.09419196666666
1572961306,42.359810683333336,-71.09418685
1572961307,42.35980678333333,-71.0941818
1572961307,42.359803799999995,-71.09417958333333
1572961307,42.35979545,-71.09417586666667
1572961307,42.359792516666666,-71.09417570000001
1572961308,42.35978888333334,-71.0941773
1572961308,42.35978475,-71.09417751666666
1572961308,42.35978181666666,-71.09418143333333
1572961309,42.35978063333334,-71.09418471666666
1572961309,42.35977938333334,-71.0941891
1572961309,42.35977778333333,-71.0941917
1572961309,42.35977841666666,-71.09419396666667
1572961310,42.359779849999995,-71.09419526666667
1572961310,42.359781733333335,-71.09419695
1572961310,42.35978019999999,-71.09419885000001
1572961310,42.35978188333333,-71.09420225000001
1572961311,42.3597833,-71.09420595
1572961311,42.35978333333334,-71.09420966666666
1572961311,42.359784350000005,-71.09421246666668
1572961311,42.359785983333325,-71.09421671666668
1572961312,42.35978818333333,-71.09421991666666
1572961312,42.35979134999999,-71.09422393333332
1572961312,42.35979653333334,-71.0942318
1572961313,42.35979991666666,-71.09423638333332
1572961313,42.35980561666667,-71.09424371666667
1572961313,42.35980948333333,-71.09424596666666
1572961313,42.35981471666667,-71.09425226666667
1572961314,42.35982083333334,-71.09425923333333
1572961314,42.359826383333335,-71.09426643333333
1572961314,42.3598307,-71.09427038333334
1572961314,42.359836449999996,-71.09427791666667
1572961315,42.35983991666667,-71.09428245000001
1572961315,42.35984486666666,-71.09428885
1572961315,42.35984785000001,-71.09429238333334
1572961315,42.359852483333334,-71.09429928333334
1572961316,42.35985705,-71.09430603333334
1572961316,42.35986030000001,-71.09431106666666
1572961316,42.359865850000006,-71.09431698333333
1572961316,42.35986893333334,-71.09432161666668
1572961317,42.35987376666667,-71.09432846666667
1572961317,42.3598763,-71.09433201666667
1572961317,42.359880483333335,-71.09433655
1572961318,42.359884616666676,-71.0943416
1572961318,42.3598876,-71.09434558333334
1572961318,42.35989258333334,-71.09435238333334
1572961318,42.35989696666667,-71.09435964999999
1572961318,42.35989983333334,-71.09436408333332
1572961319,42.359903683333336,-71.09437005
1572961319,42.35990683333333,-71.09437393333333
1572961319,42.35991015,-71.0943786
1572961320,42.35991243333333,-71.09438128333332
1572961320,42.35991495,-71.09438398333333
1572961320,42.3599207,-71.09438921666667
1572961320,42.359923683333335,-71.09439219999999
1572961321,42.35992809999999,-71.09439675
1572961321,42.359932316666665,-71.09440088333334
1572961321,42.35993793333334,-71.09441015
1572961321,42.359940949999995,-71.09441405
1572961322,42.35994498333333,-71.09441913333333
1572961322,42.359947549999994,-71.09442238333332
1572961322,42.359952266666674,-71.09442858333333
1572961322,42.35995463333334,-71.0944317
1572961323,42.35995746666667,-71.0944353
1572961323,42.359959566666674,-71.09443751666666
1572961323,42.359962499999995,-71.09444101666666
1572961323,42.35996718333334,-71.09444606666666
1572961324,42.35996923333334,-71.09444815
1572961324,42.35997085,-71.09444468333332
1572961324,42.359971349999995,-71.09444575
1572961325,42.359972016666674,-71.09444733333333
1572961325,42.3599736,-71.09444934999999
1572961325,42.35997618333334,-71.09444886666667
1572961325,42.35997728333333,-71.09445081666667
1572961326,42.359978049999995,-71.09445218333333
1572961326,42.359978950000006,-71.09445361666667
1572961326,42.35998133333333,-71.09445456666667
1572961326,42.35998308333333,-71.09445821666667
1572961327,42.3599841,-71.09446095
1572961327,42.35998553333334,-71.09446483333333
1572961327,42.359986449999994,-71.09446476666666
1572961327,42.359988466666664,-71.09446876666667
1572961328,42.359989666666664,-71.09447041666667
1572961328,42.3599918,-71.09447348333333
1572961328,42.35999341666667,-71.0944757
1572961328,42.35999544999999,-71.09447881666667
1572961329,42.359996450000004,-71.0944801
1572961329,42.35999906666666,-71.09448455
1572961329,42.36000089999999,-71.09448816666666
1572961329,42.36000213333334,-71.09449051666667
1572961330,42.360003583333345,-71.0944939
1572961330,42.36000609999999,-71.09449845
1572961330,42.36000730000001,-71.09450104999999
1572961331,42.36000975,-71.09450506666667
1572961331,42.36001164999999,-71.09450866666666
1572961331,42.360017533333334,-71.09451921666667
1572961331,42.36002188333334,-71.09452575
1572961332,42.360026733333335,-71.0945327
1572961332,42.360030099999996,-71.09453753333334
1572961332,42.36003686666667,-71.09455016666668
1572961332,42.36003989999999,-71.09455491666665
1572961333,42.36004471666667,-71.09456265
1572961333,42.360052583333335,-71.09457406666667
1572961333,42.36005638333332,-71.09458041666666
1572961333,42.36006231666667,-71.09459065
1572961334,42.360068150000004,-71.094601
1572961334,42.36007509999999,-71.09461031666666
1572961334,42.36008045,-71.0946204
1572961335,42.36008553333333,-71.09463125
1572961335,42.36008901666667,-71.09463856666666
1572961335,42.3600978,-71.09464933333334
1572961335,42.36010353333333,-71.09466016666667
1572961336,42.360109166666675,-71.0946713
1572961336,42.36011303333333,-71.09467863333332
1572961336,42.36012626666667,-71.09469671666668
1572961336,42.36013075000001,-71.0947039
1572961337,42.36013763333334,-71.09471526666667
1572961337,42.36014228333333,-71.09472303333334
1572961337,42.360151300000005,-71.09473666666666
1572961337,42.36015779999999,-71.09474798333333
1572961338,42.36016200000001,-71.09475543333333
1572961338,42.360166116666676,-71.09476285000001
1572961338,42.3601733,-71.09477593333332
1572961338,42.360179450000004,-71.09478653333335
1572961339,42.36018533333333,-71.09479798333334
1572961339,42.36018906666667,-71.09480551666667
1572961339,42.36019638333334,-71.09481936666666
1572961339,42.36020284999999,-71.09483116666667
1572961340,42.36020748333333,-71.09483905
1572961340,42.36021666666667,-71.09485288333333
1572961340,42.360224383333325,-71.09486465
1572961340,42.360230050000006,-71.09487308333334
1572961341,42.36023903333333,-71.09488630000001
1572961341,42.360246366666665,-71.09489738333333
1572961341,42.36025545000001,-71.09491068333334
1572961342,42.36026155,-71.09491955
1572961342,42.36027076666666,-71.09493303333333
1572961342,42.36027900000001,-71.0949441
1572961342,42.360288116666666,-71.09495735
1572961343,42.36029691666666,-71.09497044999999
1572961343,42.36030521666667,-71.09498293333333
1572961343,42.36031258333334,-71.09499303333334
1572961343,42.36032050000001,-71.09500578333333
1572961344,42.36032593333333,-71.09501478333334
1572961344,42.36033411666667,-71.09502855000001
1572961344,42.360341616666666,-71.09504008333333
1572961345,42.360349966666675,-71.09505328333333
1572961345,42.36035830000001,-71.09506683333333
1572961345,42.36036381666666,-71.09507591666667
1572961345,42.3603741,-71.09509491666667
1572961345,42.36038166666667,-71.0951086
1572961346,42.36038655000001,-71.09511774999999
1572961346,42.36039711666667,-71.09513795
1572961346,42.36040503333334,-71.09515188333333
1572961347,42.3604103,-71.0951611
1572961347,42.360415566666674,-71.09517001666666
1572961347,42.360431066666656,-71.09519108333333
1572961347,42.3604378,-71.09520211666667
1572961348,42.36044188333333,-71.09520883333333
1572961348,42.360447916666665,-71.09521875
1572961348,42.360460033333325,-71.0952357
1572961348,42.360469683333335,-71.09525111666667
1572961349,42.36047473333333,-71.09525903333333
1572961349,42.360482516666664,-71.09527076666667
1572961349,42.36049344999999,-71.09528573333334
1572961349,42.36050121666667,-71.09529766666667
1572961350,42.36050636666667,-71.09530555
1572961350,42.36051104999999,-71.0953133
1572961350,42.36052226666668,-71.0953323
1572961351,42.36052668333333,-71.09534003333333
1572961351,42.36053333333333,-71.09535185
1572961351,42.36054618333333,-71.09537705
1572961351,42.36055065000001,-71.09538548333333
1572961352,42.36055679999999,-71.09539763333333
1572961352,42.360562916666666,-71.09540969999999
1572961352,42.36057219999999,-71.09542873333332
1572961352,42.36057863333334,-71.09544035
1572961353,42.36058305,-71.09544795
1572961353,42.36058918333333,-71.09545858333333
1572961353,42.36059876666666,-71.09547928333333
1572961353,42.36060318333333,-71.09548625000001
1572961354,42.3606099,-71.09549663333334
1572961354,42.360614500000004,-71.09550351666667
1572961354,42.360624300000005,-71.09552278333334
1572961354,42.36063099999999,-71.09553224999999
1572961355,42.360635566666666,-71.09553818333333
1572961355,42.36064826666667,-71.09556413333333
1572961355,42.360652216666665,-71.09556955
1572961356,42.36065795,-71.09557763333333
1572961356,42.36066340000001,-71.09558525
1572961356,42.36067450000001,-71.09560266666668
1572961356,42.360677550000005,-71.09560736666667
1572961357,42.3606805,-71.09561213333333
1572961357,42.36068453333334,-71.09561914999999
1572961357,42.36070358333333,-71.09563781666667
1572961357,42.360706799999996,-71.09564348333333
1572961358,42.3607099,-71.09564851666667
1572961358,42.36071173333333,-71.09565165000001
1572961358,42.360718416666664,-71.0956609
1572961358,42.36071976666667,-71.09566311666667
1572961359,42.360720400000005,-71.09566411666667
1572961359,42.36072131666667,-71.09566541666666
1572961359,42.360727733333334,-71.095669
1572961359,42.360727733333334,-71.095669
1572961360,42.360727733333334,-71.095669
1572961360,42.360727733333334,-71.095669
1572961360,42.360727733333334,-71.095669
1572961360,42.360727733333334,-71.095669
1572961361,42.360727733333334,-71.095669
1572961361,42.360727733333334,-71.095669
1572961361,42.360727733333334,-71.095669
1572961362,42.360727733333334,-71.095669
1572961362,42.360727733333334,-71.095669
1572961362,42.360727733333334,-71.095669
1572961362,42.360727733333334,-71.095669
1572961363,42.360727733333334,-71.095669
1572961363,42.360727733333334,-71.095669
1572961363,42.360727733333334,-71.095669
1572961363,42.360727733333334,-71.095669
1572961364,42.360727733333334,-71.095669
1572961364,42.360727733333334,-71.095669
1572961364,42.360727733333334,-71.095669
1572961364,42.360727733333334,-71.095669
1572961365,42.360727733333334,-71.095669
1572961365,42.360727733333334,-71.095669
1572961365,42.360727733333334,-71.095669
1572961366,42.360727733333334,-71.095669
1572961366,42.360727733333334,-71.095669
1572961366,42.360727733333334,-71.095669
1572961366,42.360727733333334,-71.095669
1572961367,42.360727733333334,-71.095669
1572961367,42.360727733333334,-71.095669
1572961367,42.360727733333334,-71.095669
1572961367,42.360727733333334,-71.095669
1572961368,42.360727733333334,-71.095669
1572961368,42.360727733333334,-71.095669
1572961368,42.360727733333334,-71.095669
1572961368,42.360727733333334,-71.095669
1572961369,42.360727733333334,-71.095669
1572961369,42.360727733333334,-71.095669
1572961369,42.360727733333334,-71.095669
1572961369,42.360727733333334,-71.095669
1572961370,42.360727733333334,-71.095669
1572961370,42.360727733333334,-71.095669
1572961370,42.360727733333334,-71.095669
1572961371,42.360727733333334,-71.095669
1572961371,42.360727733333334,-71.095669
1572961371,42.360727733333334,-71.095669
1572961371,42.360727733333334,-71.095669
1572961372,42.360727733333334,-71.095669
1572961372,42.360727733333334,-71.095669
1572961372,42.360727733333334,-71.095669
1572961372,42.360727733333334,-71.095669
1572961373,42.360727733333334,-71.095669
1572961373,42.360727733333334,-71.095669
1572961373,42.360727733333334,-71.095669
1572961373,42.360727733333334,-71.095669
1572961374,42.360727733333334,-71.095669
1572961374,42.360727733333334,-71.095669
1572961374,42.360727733333334,-71.095669
1572961374,42.360727733333334,-71.095669
1572961375,42.360727733333334,-71.095669
1572961375,42.360727733333334,-71.095669
1572961375,42.360727733333334,-71.095669
1572961376,42.360727733333334,-71.095669
1572961376,42.360727733333334,-71.095669
1572961376,42.360727733333334,-71.095669
1572961376,42.360727733333334,-71.095669
1572961377,42.360727733333334,-71.095669
1572961377,42.360727733333334,-71.095669
1572961377,42.360727733333334,-71.095669
1572961377,42.360727733333334,-71.095669
1572961378,42.360727733333334,-71.095669
1572961378,42.360727733333334,-71.095669
1572961378,42.360727733333334,-71.095669
1572961378,42.360727733333334,-71.095669
1572961379,42.360727733333334,-71.095669
1572961379,42.360727733333334,-71.095669
1572961379,42.360727733333334,-71.095669
1572961380,42.360727733333334,-71.095669
1572961380,42.360727733333334,-71.095669
1572961380,42.360727733333334,-71.095669
1572961380,42.360727733333334,-71.095669
1572961381,42.360727733333334,-71.095669
1572961381,42.360727733333334,-71.095669
1572961381,42.360727733333334,-71.095669
1572961381,42.360727733333334,-71.095669
1572961382,42.360727733333334,-71.095669
1572961382,42.360727733333334,-71.095669
1572961382,42.360727733333334,-71.095669
1572961382,42.360727733333334,-71.095669
1572961383,42.360727733333334,-71.095669
1572961383,42.360727733333334,-71.095669
1572961383,42.360727733333334,-71.095669
1572961383,42.360727733333334,-71.095669
1572961384,42.360727733333334,-71.095669
1572961384,42.360727733333334,-71.095669
1572961384,42.360727733333334,-71.095669
1572961385,42.360727733333334,-71.095669
1572961385,42.360727733333334,-71.095669
1572961385,42.360727733333334,-71.095669
1572961385,42.360727733333334,-71.095669
1572961386,42.360727733333334,-71.095669
1572961386,42.360727733333334,-71.095669
1572961386,42.360727733333334,-71.095669
1572961386,42.360727733333334,-71.095669
1572961387,42.360727733333334,-71.095669
1572961387,42.360727733333334,-71.095669
1572961387,42.360727733333334,-71.095669
1572961387,42.360727733333334,-71.095669
1572961388,42.360727733333334,-71.095669
1572961388,42.360727733333334,-71.095669
1572961388,42.360727733333334,-71.095669
1572961389,42.360727733333334,-71.095669
1572961389,42.360727733333334,-71.095669
1572961389,42.360727733333334,-71.095669
1572961389,42.360727733333334,-71.095669
1572961390,42.360727733333334,-71.095669
1572961390,42.360727733333334,-71.095669
1572961390,42.360727733333334,-71.095669
1572961390,42.360727733333334,-71.095669
1572961391,42.360727733333334,-71.095669
1572961391,42.360727733333334,-71.095669
1572961391,42.360727733333334,-71.095669
1572961391,42.360727733333334,-71.095669
1572961392,42.360727733333334,-71.095669
1572961392,42.360727733333334,-71.095669
1572961392,42.360727733333334,-71.095669
1572961393,42.360727733333334,-71.095669
1572961393,42.360727733333334,-71.095669
1572961393,42.360727733333334,-71.095669
1572961393,42.360727733333334,-71.095669
1572961394,42.360727733333334,-71.095669
1572961394,42.360727733333334,-71.095669
1572961394,42.360727733333334,-71.095669
1572961394,42.360727733333334,-71.095669
1572961395,42.360727733333334,-71.095669
1572961395,42.360727733333334,-71.095669
1572961395,42.360727733333334,-71.095669
1572961395,42.360727733333334,-71.095669
1572961396,42.360727733333334,-71.095669
1572961396,42.360727733333334,-71.095669
1572961396,42.360727733333334,-71.095669
1572961396,42.360727733333334,-71.095669
1572961397,42.360727733333334,-71.095669
1572961397,42.360727733333334,-71.095669
1572961397,42.360727733333334,-71.095669
1572961397,42.360727733333334,-71.095669
1572961398,42.360727733333334,-71.095669
1572961398,42.360727733333334,-71.095669
1572961398,42.360727733333334,-71.095669
1572961399,42.360727733333334,-71.095669
1572961399,42.360727733333334,-71.095669
1572961399,42.360734599999994,-71.09566790000001
1572961399,42.360734599999994,-71.09566790000001
1572961400,42.360734599999994,-71.09566790000001
1572961400,42.360734599999994,-71.09566790000001
1572961400,42.360734599999994,-71.09566790000001
1572961400,42.360734599999994,-71.09566790000001
1572961401,42.360734599999994,-71.09566790000001
1572961401,42.360734599999994,-71.09566790000001
1572961401,42.360734599999994,-71.09566790000001
1572961401,42.360734599999994,-71.09566790000001
1572961402,42.360734599999994,-71.09566790000001
1572961402,42.360734599999994,-71.09566790000001
1572961402,42.360734599999994,-71.09566790000001
1572961402,42.360734599999994,-71.09566790000001
1572961403,42.360734599999994,-71.09566790000001
1572961403,42.360734599999994,-71.09566790000001
1572961403,42.360734599999994,-71.09566790000001
1572961403,42.360734599999994,-71.09566790000001
1572961404,42.360734599999994,-71.09566790000001
1572961404,42.360734599999994,-71.09566790000001
1572961404,42.36073558333332,-71.09567113333333
1572961405,42.36073645,-71.09567383333334
1572961405,42.360737566666664,-71.09567831666666
1572961405,42.360752100000006,-71.09568511666666
1572961405,42.36075481666667,-71.09569011666667
1572961406,42.360756083333335,-71.09569316666666
1572961406,42.3607574,-71.09569611666667
1572961406,42.360770383333325,-71.09570228333334
1572961406,42.360773866666655,-71.09570925
1572961407,42.360778616666664,-71.0957174
1572961407,42.360781833333334,-71.09572328333334
1572961407,42.36079298333335,-71.09573305
1572961407,42.36079608333333,-71.09573956666667
1572961408,42.36080018333334,-71.09575
1572961408,42.36080275,-71.09575701666667
1572961408,42.360813683333326,-71.09576733333334
1572961408,42.36081801666666,-71.09577893333334
1572961409,42.36082046666667,-71.09578593333335
1572961409,42.3608225,-71.09579288333333
1572961409,42.3608334,-71.09580535
1572961410,42.360837599999996,-71.09581763333334
1572961410,42.360840466666666,-71.09582811666667
1572961410,42.360846800000004,-71.09583551666667
1572961410,42.360850433333326,-71.0958452
1572961411,42.360853299999995,-71.09585178333333
1572961411,42.36085804999999,-71.09586226666667
1572961411,42.36086573333334,-71.0958691
1572961411,42.36087096666667,-71.09587884999999
1572961412,42.36087523333334,-71.0958865
1572961412,42.360879483333335,-71.095894
1572961412,42.360895150000005,-71.09590795000001
1572961412,42.36090183333334,-71.09591796666666
1572961413,42.3609065,-71.0959249
1572961413,42.360913299999986,-71.09593475
1572961413,42.36093031666666,-71.09595038333333
1572961414,42.36093483333334,-71.09595726666666
1572961414,42.36094183333333,-71.0959679
1572961414,42.36094436666667,-71.09597135
1572961414,42.36096248333333,-71.0959918
1572961415,42.360967033333324,-71.09599934999999
1572961415,42.360973516666675,-71.09601085
1572961415,42.36098688333333,-71.09602235000001
1572961415,42.36099213333333,-71.09602961666666
1572961416,42.360997233333336,-71.0960369
1572961416,42.36100736666667,-71.09605238333333
1572961416,42.36101910000001,-71.09605871666666
1572961416,42.36102715,-71.09607116666666
1572961417,42.36103261666667,-71.09607941666667
1572961417,42.361040900000006,-71.09609176666666
1572961417,42.36105108333333,-71.09610208333334
1572961417,42.36105631666666,-71.09610826666668
1572961418,42.361064233333344,-71.09611728333333
1572961418,42.36107501666667,-71.09612395
1572961418,42.36108016666667,-71.09612945
1572961419,42.36108513333333,-71.09613506666666
1572961419,42.36109266666667,-71.09614278333333
1572961419,42.36110125,-71.0961483
1572961419,42.36110608333334,-71.09615380000001
1572961419,42.3611136,-71.09616353333332
1572961420,42.36112105,-71.09617373333333
1572961420,42.36112353333333,-71.09617696666666
1572961420,42.36113451666667,-71.0961898
1572961421,42.36114001666666,-71.09619673333333
1572961421,42.36114786666667,-71.09620833333334
1572961421,42.36115573333333,-71.0962218
1572961421,42.361160649999995,-71.09623045000001
1572961422,42.36116838333334,-71.09624341666667
1572961422,42.361173400000006,-71.09625271666667
1572961422,42.36118191666666,-71.09626763333334
1572961422,42.3611899,-71.09628223333334
1572961423,42.361195066666674,-71.09629256666668
1572961423,42.36120038333333,-71.09630268333333
1572961423,42.36120906666667,-71.09631873333333
1572961423,42.36121691666667,-71.09633253333334
1572961424,42.36122468333333,-71.09634593333334
1572961424,42.36122988333333,-71.09635473333333
1572961424,42.36123895,-71.09636906666667
1572961424,42.361246783333335,-71.09637995
1572961425,42.36125183333334,-71.09638645
1572961425,42.36125991666666,-71.09639815000001
1572961425,42.36126486666667,-71.09640533333334
1572961425,42.361272549999995,-71.09641433333333
1572961426,42.36127974999999,-71.09642148333334
1572961426,42.361285133333325,-71.09643276666667
1572961426,42.36129218333334,-71.09644061666665
1572961427,42.36129871666667,-71.09644908333333
1572961427,42.361303400000004,-71.09645403333334
1572961427,42.36130893333334,-71.09647186666666
1572961427,42.36131414999999,-71.096481
1572961428,42.3613218,-71.09649525
1572961428,42.36132716666666,-71.09650476666667
1572961428,42.36133369999999,-71.09652588333333
1572961428,42.36134188333334,-71.09653986666667
1572961429,42.3613494,-71.09655291666667
1572961429,42.36135421666666,-71.09656038333333
1572961429,42.36136081666667,-71.09658078333334
1572961429,42.36136721666667,-71.09659138333333
1572961430,42.3613738,-71.09660173333333
1572961430,42.36137865,-71.09661904999999
1572961430,42.361385100000014,-71.09663003333333
1572961431,42.3613871,-71.0966342
1572961431,42.36139480000001,-71.09665175
1572961431,42.36140048333334,-71.09666921666667
1572961431,42.36140418333333,-71.09667616666667
1572961432,42.361409566666666,-71.09668505
1572961432,42.36141281666667,-71.09669226666666
1572961432,42.36141931666666,-71.09671518333333
1572961432,42.361424883333335,-71.09672433333333
1572961433,42.36143104999999,-71.09673368333333
1572961433,42.36143708333334,-71.09675465000001
1572961433,42.361440583333334,-71.09676185
1572961433,42.36144434999999,-71.09676901666667
1572961434,42.36144998333333,-71.09677928333333
1572961434,42.36145438333333,-71.09678541666668
1572961434,42.36146253333333,-71.09680293333332
1572961434,42.36147044999999,-71.09681088333333
1572961435,42.36147604999999,-71.09681656666666
1572961435,42.36148551666667,-71.09683356666666
1572961435,42.361494166666674,-71.09683975
1572961435,42.361499716666664,-71.0968436
1572961436,42.36150538333333,-71.09684726666666
1572961436,42.361514500000006,-71.09685999999999
1572961436,42.361523500000004,-71.09686296666666
1572961437,42.361532233333335,-71.09686486666666
1572961437,42.36154106666666,-71.09686573333333
1572961437,42.36154763333334,-71.09687551666666
1572961437,42.36155661666666,-71.09687455
1572961438,42.36156541666666,-71.09687345
1572961438,42.36157125,-71.09687298333333
1572961438,42.36158096666666,-71.0968798
1572961438,42.36159084999999,-71.09688003333333
1572961439,42.36159428333333,-71.09688018333334
1572961439,42.361604666666665,-71.09688081666667
1572961439,42.36161563333334,-71.09688613333333
1572961439,42.361625783333324,-71.09688691666666
1572961440,42.36163251666667,-71.09688761666666
1572961440,42.36163878333333,-71.0968881
1572961440,42.361651833333326,-71.09689318333334
1572961441,42.36165891666666,-71.09689341666667
1572961441,42.361669416666665,-71.09689281666667
1572961441,42.36167513333333,-71.09689624999999
1572961441,42.361685466666664,-71.096896
1572961442,42.36169603333333,-71.09689610000001
1572961442,42.361706516666665,-71.09689596666666
1572961442,42.36170878333334,-71.09689911666666
1572961442,42.361719266666654,-71.09689929999999
1572961443,42.36172986666667,-71.09689906666668
1572961443,42.36174055,-71.09689861666668
1572961443,42.36174708333333,-71.0969022
1572961443,42.36175806666667,-71.09690258333333
1572961444,42.361765433333325,-71.0969029
1572961444,42.3617766,-71.09690353333335
1572961444,42.3617839,-71.09690598333334
1572961444,42.361798699999994,-71.09690681666666
1572961445,42.36180606666667,-71.09690676666668
1572961445,42.361817566666666,-71.09690725
1572961445,42.36182910000001,-71.09690701666666
1572961446,42.36183686666667,-71.09690688333333
1572961446,42.36184906666667,-71.09690578333334
1572961446,42.361853233333335,-71.0969054
1572961446,42.361869350000006,-71.09690503333333
1572961447,42.3618803,-71.09690446666667
1572961447,42.361887133333326,-71.09690423333333
1572961447,42.36189993333334,-71.0969049
1572961447,42.36191196666667,-71.09690221666666
1572961448,42.36192021666667,-71.09690013333334
1572961448,42.361932700000004,-71.0968965
1572961448,42.361948299999995,-71.09689966666667
1572961448,42.361960333333336,-71.0968967
1572961449,42.3619728,-71.0968926
1572961449,42.36198983333334,-71.09689353333333
1572961449,42.361995616666675,-71.0968924
1572961449,42.36200364999999,-71.09689166666666
1572961450,42.36200856666666,-71.09689156666667
1572961450,42.36201305,-71.09689223333334
1572961450,42.36202133333333,-71.09689449999999
1572961450,42.3620299,-71.09689568333333
1572961451,42.36203616666666,-71.09689636666667
1572961451,42.36205473333333,-71.0969008
1572961451,42.36206605000001,-71.09690018333333
1572961452,42.36207784999999,-71.0969003
1572961452,42.36208606666667,-71.0969007
1572961452,42.362105549999995,-71.09691153333333
1572961452,42.3621178,-71.09691193333333
1572961453,42.36212618333334,-71.09691178333334
1572961453,42.36213458333334,-71.09691143333333
1572961453,42.36215496666667,-71.09692611666667
1572961453,42.362166783333336,-71.09692611666667
1572961454,42.36217453333333,-71.09692621666666
1572961454,42.362185849999996,-71.09692634999999
1572961454,42.36219896666667,-71.09693648333334
1572961454,42.362213016666665,-71.09693596666666
1572961455,42.36222370000001,-71.09693613333334
1572961455,42.36223383333333,-71.09694131666667
1572961455,42.36224586666667,-71.09693981666666
1572961456,42.36225388333334,-71.09693848333333
1572961456,42.36226605,-71.09693641666665
1572961456,42.362281550000006,-71.09693709999999
1572961456,42.362289383333334,-71.0969357
1572961457,42.36230148333334,-71.09693361666667
1572961457,42.362313616666675,-71.09693128333333
1572961457,42.36232360000001,-71.09693076666667
1572961457,42.3623351,-71.09692745000001
1572961458,42.36234236666666,-71.0969248
1572961458,42.36235366666667,-71.09692116666668
1572961458,42.36236733333334,-71.09691981666667
1572961458,42.362374900000006,-71.09691751666666
1572961459,42.362386699999995,-71.09691481666667
1572961459,42.362394650000006,-71.09691396666668
1572961459,42.36241026666667,-71.09691531666668
1572961459,42.362418133333335,-71.09691464999999
1572961460,42.36242996666666,-71.09691391666667
1572961460,42.36244506666667,-71.09691416666666
1572961460,42.36245314999999,-71.09691315
1572961461,42.3624654,-71.09691079999999
1572961461,42.3624747,-71.09690901666666
1572961461,42.36249333333333,-71.09690655
1572961461,42.36250215,-71.09690475000001
1572961462,42.362514600000004,-71.09690248333334
1572961462,42.36252226666667,-71.0969008
1572961462,42.36253273333333,-71.09690116666667
1572961462,42.362539466666675,-71.09689943333332
1572961463,42.362549183333336,-71.09689686666667
1572961463,42.362558683333326,-71.0968948
1572961463,42.36256558333333,-71.09689589999999
1572961463,42.36257520000001,-71.09689494999999
1572961464,42.36258218333334,-71.09689548333334
1572961464,42.36259376666667,-71.09689798333333
1572961464,42.36260635,-71.09690353333335
1572961465,42.362614416666666,-71.09690453333333
1572961465,42.36262579999999,-71.09690481666667
1572961465,42.362633566666666,-71.09690436666666
1572961465,42.3626461,-71.09689726666667
1572961465,42.36265395,-71.09689563333333
1572961466,42.3626659,-71.09689281666667
1572961466,42.362673783333335,-71.09689085
1572961466,42.36268265,-71.09688296666667
1572961466,42.36269921666667,-71.0968796
1572961467,42.36271149999999,-71.09687685
1572961467,42.362720316666675,-71.09686915
1572961467,42.362732400000006,-71.09686576666667
1572961468,42.362740216666666,-71.09686333333333
1572961468,42.362747883333334,-71.09686061666666
1572961468,42.36276348333334,-71.09685068333333
1572961468,42.362775649999996,-71.09684666666666
1572961469,42.36278341666666,-71.09684418333333
1572961469,42.36279481666667,-71.09684064999999
1572961469,42.362802650000006,-71.09683679999999
1572961469,42.36281473333334,-71.0968338
1572961470,42.36282263333333,-71.09683216666667
1572961470,42.36283398333333,-71.09683021666666
1572961470,42.36284515,-71.09682716666666
1572961470,42.36285256666667,-71.09682591666666
1572961471,42.36285986666667,-71.09682486666667
1572961471,42.36287001666666,-71.09682393333333
1572961471,42.362880399999995,-71.09682196666667
1572961471,42.36288758333333,-71.0968214
1572961472,42.36289828333334,-71.09682055
1572961472,42.362909050000006,-71.0968187
1572961472,42.36291608333333,-71.09681826666667
1572961472,42.362927000000006,-71.09681725
1572961473,42.36293411666667,-71.09681650000002
1572961473,42.362944633333335,-71.09681406666667
1572961473,42.36295175,-71.09681313333334
1572961474,42.362964466666675,-71.09681238333333
1572961474,42.362973666666655,-71.09681176666666
1572961474,42.36297978333334,-71.09681226666666
1572961474,42.3629888,-71.09681138333333
1572961475,42.36299473333333,-71.09681126666666
1572961475,42.36300023333333,-71.0968115
1572961475,42.36300988333334,-71.09681593333333
1572961475,42.36301271666666,-71.09681591666667
1572961476,42.36302478333334,-71.09681505
1572961476,42.36303268333333,-71.09681666666667
1572961476,42.36304188333334,-71.09681566666666
1572961477,42.363048549999995,-71.09681496666667
1572961477,42.363058699999996,-71.09681376666667
1572961477,42.36306553333334,-71.09681328333333
1572961477,42.36307598333333,-71.09681195
1572961478,42.36308654999999,-71.09681063333333
1572961478,42.36309383333334,-71.09680971666667
1572961478,42.36310361666666,-71.09680453333334
1572961478,42.36311078333333,-71.0968037
1572961479,42.36312145,-71.09680285
1572961479,42.363128599999996,-71.09680208333333
1572961479,42.36313796666666,-71.0967982
1572961479,42.36314546666667,-71.09679736666666
1572961480,42.36316078333333,-71.09679606666667
1572961480,42.363164733333335,-71.09679568333333
1572961480,42.36319123333333,-71.09682271666667
1572961480,42.363199416666674,-71.09682223333333
1572961481,42.36321191666666,-71.09682241666665
1572961481,42.363220399999996,-71.09682294999999
1572961481,42.36323948333333,-71.09683993333333
1572961481,42.363248549999994,-71.09683976666668
1572961482,42.3632658,-71.09683856666668
1572961482,42.363277849999996,-71.09684731666667
1572961482,42.36329048333334,-71.09684539999999
1572961483,42.36329848333333,-71.09684418333333
1572961483,42.363310500000004,-71.09684345000001
1572961483,42.363325066666654,-71.09684535
1572961483,42.363332883333335,-71.0968452
1572961484,42.36334475,-71.09684443333335
1572961484,42.36335283333333,-71.09684348333333
1572961484,42.36336585000001,-71.09684498333333
1572961484,42.36337753333334,-71.096843
1572961485,42.36338551666666,-71.09684151666667
1572961485,42.36339796666666,-71.09683943333333
1572961485,42.36340690000001,-71.09683866666666
1572961485,42.36341961666667,-71.09683695000001
1572961486,42.36343278333334,-71.09683631666667
1572961486,42.36344138333334,-71.09683558333333
1572961486,42.363457000000004,-71.09682835000001
1572961486,42.36346100000001,-71.09682755
1572961487,42.36347721666666,-71.09682426666666
1572961487,42.36348563333333,-71.09682273333333
1572961487,42.36349816666667,-71.0968149
1572961487,42.36351015,-71.09681318333334
1572961488,42.363518199999994,-71.09681191666667
1572961488,42.36352648333334,-71.09681063333333
1572961488,42.3635375,-71.09680543333334
1572961488,42.36354963333333,-71.09680338333332
1572961489,42.36356176666666,-71.09680085
1572961489,42.363571150000006,-71.09679518333334
1572961489,42.36358276666667,-71.0967926
1572961490,42.36359028333333,-71.09679086666667
1572961490,42.36360181666667,-71.09678865
1572961490,42.36361395000001,-71.09678678333333
1572961490,42.36361945,-71.09678765
1572961491,42.363627349999994,-71.09679016666666
1572961491,42.36363346666667,-71.09679123333333
1572961491,42.363645283333334,-71.09678776666667
1572961491,42.36365278333333,-71.0967875
1572961492,42.363664283333335,-71.09678608333334
1572961492,42.36367495,-71.09678391666667
1572961492,42.363682133333334,-71.09678053333333
1572961492,42.36369183333333,-71.09677816666668
1572961493,42.363701183333326,-71.09677623333333
1572961493,42.36370688333333,-71.09677536666666
1572961493,42.363719483333334,-71.09676606666667
1572961493,42.363723900000004,-71.096765
1572961494,42.363730483333335,-71.0967622
1572961494,42.363734650000005,-71.09676048333334
1572961494,42.36374396666667,-71.0967561
1572961494,42.36374878333333,-71.09675438333333
1572961495,42.36375311666667,-71.096753
1572961495,42.36375448333333,-71.09675223333333
1572961495,42.36376406666667,-71.09674541666666
1572961495,42.36376659999999,-71.09674321666667
1572961496,42.36377011666667,-71.09674088333333
1572961496,42.363777866666666,-71.09672773333334
1572961496,42.363780383333335,-71.09672529999999
1572961497,42.3637828,-71.09672361666667
1572961497,42.363785266666675,-71.09672208333333
1572961497,42.36379143333333,-71.09671039999999
1572961497,42.363793900000005,-71.09670841666666
1572961498,42.36379618333334,-71.0967067
1572961498,42.363797850000005,-71.09670588333333
1572961498,42.363808033333335,-71.09669301666666
1572961498,42.36381063333334,-71.09669176666667
1572961499,42.3638122,-71.09669125
1572961499,42.36381375,-71.0966908
1572961499,42.36382321666667,-71.09668028333334
1572961499,42.36382501666667,-71.09668026666667
1572961500,42.363827066666666,-71.09668073333334
1572961500,42.363835216666665,-71.09667191666668
1572961500,42.36383881666667,-71.09667323333333
1572961501,42.363841400000005,-71.09667405
1572961501,42.36384528333333,-71.09667601666668
1572961501,42.36385513333333,-71.09666741666668
1572961501,42.36385756666667,-71.09666943333333
1572961502,42.36386153333333,-71.09667278333333
1572961502,42.363864283333335,-71.09667488333332
1572961502,42.36387731666667,-71.09666876666667
1572961502,42.363882950000004,-71.09667326666666
1572961503,42.363886883333336,-71.09667645
1572961503,42.363892799999995,-71.09668161666667
1572961503,42.36390159999999,-71.09667815
1572961503,42.36390605,-71.09668141666667
1572961504,42.363915466666676,-71.09668738333333
1572961504,42.36392044999999,-71.09669016666666
1572961504,42.36393028333334,-71.09668848333334
1572961504,42.3639383,-71.09669290000001
1572961505,42.36394721666667,-71.09669643333334
1572961505,42.36396163333333,-71.09669428333333
1572961505,42.363964966666664,-71.09669491666666
1572961505,42.36397828333334,-71.09669704999999
1572961506,42.36398808333333,-71.09669778333334
1572961506,42.36399763333334,-71.09669935000001
1572961506,42.364006716666665,-71.09669896666666
1572961507,42.36400975,-71.09669865000001
1572961507,42.364021466666664,-71.09669671666667
1572961507,42.364031700000005,-71.09669198333333
1572961507,42.364037700000004,-71.09669059999999
1572961508,42.36404688333334,-71.09668826666666
1572961508,42.364053116666675,-71.09668706666666
1572961508,42.36406455,-71.0966881
1572961508,42.36407101666667,-71.09668731666667
1572961509,42.36408105,-71.09668665000001
1572961509,42.36409086666666,-71.09668663333333
1572961509,42.36409821666666,-71.09668653333333
1572961509,42.36410725000001,-71.09668731666667
1572961510,42.36411591666666,-71.09668766666667
1572961510,42.364121016666665,-71.09668831666666
1572961510,42.364129266666666,-71.09668931666667
1572961510,42.36413288333333,-71.09669016666666
1572961511,42.36413806666666,-71.09669165
1572961511,42.364141583333335,-71.09669288333333
1572961511,42.36414920000001,-71.09669463333333
1572961511,42.36415335,-71.09669628333333
1572961512,42.36415926666667,-71.09669811666666
1572961512,42.36416763333334,-71.09669708333332
1572961512,42.364174199999994,-71.09669756666668
1572961512,42.364178716666665,-71.09669749999999
1572961513,42.36418369999999,-71.09669726666667
1572961513,42.36418893333333,-71.09669650000001
1572961513,42.36420119999999,-71.09669051666667
1572961514,42.36420965000001,-71.09668796666666
1572961514,42.364215200000004,-71.0966865
1572961514,42.36422233333332,-71.09668043333333
1572961514,42.36423091666667,-71.09667833333333
1572961515,42.36423693333333,-71.09667781666667
1572961515,42.36424605,-71.09667705
1572961515,42.36425546666666,-71.09667195
1572961515,42.36426163333334,-71.09667066666667
1572961516,42.364267749999996,-71.09666878333334
1572961516,42.364276749999995,-71.09666591666667
1572961516,42.36428351666667,-71.09666121666667
1572961516,42.36429450000001,-71.09665815
1572961517,42.36429966666666,-71.09665646666667
1572961517,42.3643069,-71.09665406666666
1572961517,42.36431053333334,-71.09665086666666
1572961517,42.36431653333334,-71.0966486
1572961518,42.36432225,-71.09664626666667
1572961518,42.36432603333333,-71.09664451666666
1572961518,42.36433041666666,-71.0966389
1572961518,42.36433578333334,-71.09663624999999
1572961519,42.36434094999999,-71.09663388333334
1572961519,42.364347083333335,-71.09662625
1572961519,42.36435073333334,-71.09662583333333
1572961519,42.364356316666665,-71.09662585
1572961520,42.364360266666665,-71.09662575
1572961520,42.36436741666666,-71.09662223333333
1572961520,42.36437335000001,-71.09662371666667
1572961521,42.364376816666656,-71.09662531666666
1572961521,42.36438158333334,-71.096628
1572961521,42.36438588333334,-71.09662611666666
1572961521,42.36438928333333,-71.09662833333333
1572961522,42.36439548333333,-71.09663231666667
1572961522,42.3643984,-71.09663246666668
1572961522,42.364404349999994,-71.09662610000001
1572961522,42.364405649999995,-71.09662413333334
1572961523,42.364407183333334,-71.09662038333333
1572961523,42.36440899999999,-71.09661803333334
1572961523,42.3644127,-71.09661641666666
1572961523,42.36441481666667,-71.09661518333334
1572961524,42.36441633333334,-71.09661445
1572961524,42.36441669999999,-71.09661441666667
1572961524,42.364419016666666,-71.09660950000001
1572961524,42.364419016666666,-71.09660950000001
1572961525,42.364419016666666,-71.09660950000001
1572961525,42.364419016666666,-71.09660950000001
1572961525,42.36441835,-71.09660891666667
1572961525,42.36441718333334,-71.09660798333333
1572961526,42.36441678333334,-71.09660735000001
1572961526,42.364420316666674,-71.0966023
1572961526,42.364420316666674,-71.0966023
1572961527,42.364420316666674,-71.0966023
1572961527,42.364420316666674,-71.0966023
1572961527,42.364420316666674,-71.0966023
1572961527,42.364420316666674,-71.0966023
1572961528,42.364420316666674,-71.0966023
1572961528,42.364420316666674,-71.0966023
1572961528,42.364420316666674,-71.0966023
1572961528,42.364420316666674,-71.0966023
1572961529,42.364420316666674,-71.0966023
1572961529,42.364420316666674,-71.0966023
1572961529,42.364420316666674,-71.0966023
1572961529,42.364420316666674,-71.0966023
1572961530,42.364420316666674,-71.0966023
1572961530,42.364420316666674,-71.0966023
1572961530,42.364420316666674,-71.0966023
1572961530,42.364420316666674,-71.0966023
1572961531,42.364420316666674,-71.0966023
1572961531,42.364420316666674,-71.0966023
1572961531,42.364420316666674,-71.0966023
1572961531,42.364420316666674,-71.0966023
1572961532,42.364420316666674,-71.0966023
1572961532,42.364420316666674,-71.0966023
1572961532,42.364420316666674,-71.0966023
1572961533,42.364420316666674,-71.0966023
1572961533,42.364420316666674,-71.0966023
