1573134350,42.35555527931404,-71.10362355135925
1573134361,42.35546304128853,-71.10352833388315
1573134456,42.35531675000001,-71.10324793333332
1573134456,42.35557659999999,-71.10379805
1573134457,42.35557659999999,-71.10379828333333
1573134457,42.355576549999995,-71.10379855
1573134457,42.35557745,-71.10379631666666
1573134457,42.35557763333333,-71.10379661666666
1573134458,42.35557813333333,-71.10379701666668
1573134458,42.35557385,-71.10380298333332
1573134458,42.35557476666666,-71.10380375
1573134458,42.35557646666666,-71.1038051
1573134459,42.35557783333334,-71.10380586666668
1573134459,42.3555741,-71.10381588333333
1573134459,42.35557683333333,-71.1038171
1573134459,42.35557965,-71.10381836666667
1573134460,42.35558160000001,-71.10381911666667
1573134460,42.355572783333336,-71.10383346666667
1573134460,42.35557416666667,-71.10383396666666
1573134460,42.35557598333333,-71.10383461666667
1573134461,42.35557824999999,-71.1038349
1573134461,42.355571499999996,-71.10383936666666
1573134461,42.35557556666666,-71.10383974999999
1573134462,42.355578683333334,-71.10383990000001
1573134462,42.35558368333333,-71.10383956666666
1573134462,42.35558026666666,-71.1038437
1573134462,42.35558266666667,-71.1038423
1573134463,42.35558426666667,-71.10384065
1573134463,42.35558381666666,-71.103841
1573134463,42.35558488333333,-71.10383918333333
1573134463,42.35558553333333,-71.10383813333333
1573134464,42.35558651666667,-71.10383664999999
1573134464,42.35558519999999,-71.10383695
1573134464,42.35558601666666,-71.1038359
1573134464,42.355587,-71.1038347
1573134465,42.355587799999995,-71.10383366666666
1573134465,42.35558893333333,-71.10383266666666
1573134465,42.35559093333333,-71.10382913333333
1573134465,42.355592466666664,-71.10382576666666
1573134466,42.35559491666666,-71.10381946666666
1573134466,42.355596766666665,-71.10381668333333
1573134466,42.355599466666675,-71.10381006666667
1573134466,42.35560220000001,-71.10380286666667
1573134467,42.35560401666667,-71.10379766666667
1573134467,42.35560555000001,-71.10379255
1573134467,42.35560901666666,-71.10378073333334
1573134468,42.35561178333334,-71.1037715
1573134468,42.35561366666668,-71.10376508333334
1573134468,42.35561741666667,-71.10375406666667
1573134468,42.355619533333325,-71.10374756666667
1573134469,42.35562288333334,-71.1037377
1573134469,42.35562778333333,-71.10372688333334
1573134469,42.355630416666656,-71.10372016666668
1573134469,42.3556345,-71.10370998333333
1573134470,42.3556389,-71.1036996
1573134470,42.3556454,-71.10369093333334
1573134470,42.35565018333333,-71.10367995
1573134470,42.35565351666668,-71.10367266666667
1573134471,42.35565858333333,-71.1036616
1573134471,42.35566748333334,-71.10365023333334
1573134471,42.35567245000001,-71.10363878333332
1573134471,42.35567591666666,-71.1036313
1573134472,42.355681450000006,-71.10362024999999
1573134472,42.35569395000001,-71.10360390000001
1573134472,42.35569783333333,-71.10359658333334
1573134472,42.3557018,-71.10358925
1573134473,42.35570778333334,-71.10357801666667
1573134473,42.355721166666676,-71.10356268333334
1573134473,42.355725183333334,-71.1035557
1573134473,42.355729283333325,-71.10354863333333
1573134474,42.35573814999999,-71.10353341666666
1573134474,42.355751866666665,-71.10351545
1573134474,42.35575945000001,-71.10350366666667
1573134474,42.35576438333332,-71.10349573333333
1573134475,42.35577154999999,-71.10348398333333
1573134475,42.355796216666675,-71.10346306666668
1573134475,42.355802566666675,-71.10345125
1573134476,42.355808700000004,-71.1034394
1573134476,42.35581293333333,-71.10343151666666
1573134476,42.355822350000004,-71.10341681666668
1573134476,42.35582686666667,-71.10340915
1573134477,42.35583356666667,-71.10339781666667
1573134477,42.35586738333333,-71.10336678333333
1573134477,42.35587171666666,-71.10335920000001
1573134478,42.355878133333334,-71.1033477
1573134478,42.355884366666665,-71.10333631666667
1573134478,42.35589960000001,-71.10331891666667
1573134478,42.35590595,-71.10330701666666
1573134479,42.35591025,-71.10329878333333
1573134479,42.35591615,-71.10328611666667
1573134479,42.35592468333333,-71.10326145
1573134479,42.355928616666674,-71.1032528
1573134480,42.355934616666666,-71.10323958333333
1573134480,42.35593873333334,-71.10323066666666
1573134480,42.35594596666666,-71.10321548333333
1573134480,42.35594986666666,-71.10320621666666
1573134481,42.355955783333336,-71.10319203333333
1573134481,42.35596153333333,-71.10317735
1573134481,42.35596648333334,-71.10316408333333
1573134481,42.35596994999999,-71.10315536666667
1573134482,42.355975599999994,-71.1031427
1573134482,42.35597958333333,-71.10313441666666
1573134482,42.355985483333335,-71.10312231666667
1573134482,42.35599131666666,-71.10311013333333
1573134483,42.35599703333334,-71.10309823333334
1573134483,42.35600171666667,-71.10308886666667
1573134483,42.35600715,-71.10307705
1573134484,42.356010766666664,-71.10306906666666
1573134484,42.35601653333333,-71.10305706666666
1573134484,42.35602375,-71.10304288333333
1573134484,42.35602775,-71.10303493333333
1573134485,42.356033700000005,-71.1030231
1573134485,42.35603748333333,-71.10301535
1573134485,42.35604136666668,-71.10300713333332
1573134485,42.35604946666667,-71.1029915
1573134486,42.35605555,-71.10297973333333
1573134486,42.35605753333333,-71.10297575
1573134486,42.35606585000001,-71.1029592
1573134486,42.356069833333336,-71.10295093333335
1573134487,42.35607571666666,-71.10293884999999
1573134487,42.356081566666674,-71.10292788333334
1573134487,42.35608773333333,-71.10291606666667
1573134487,42.35609193333333,-71.10290808333333
1573134488,42.3560983,-71.10289623333333
1573134488,42.356105750000005,-71.10288438333333
1573134488,42.35611001666666,-71.10287686666668
1573134489,42.35611676666667,-71.10286505
1573134489,42.356121216666665,-71.10285701666666
1573134489,42.35612881666666,-71.10284441666666
1573134489,42.35613461666667,-71.10283228333333
1573134490,42.356140350000004,-71.10281981666667
1573134490,42.35615631666667,-71.10283068333332
1573134490,42.356162433333346,-71.10281764999999
1573134490,42.35616653333333,-71.1028087
1573134491,42.35617276666667,-71.10279526666667
1573134491,42.356183316666666,-71.10279753333333
1573134491,42.35619005,-71.10278385000001
1573134491,42.356196716666666,-71.10277043333333
1573134492,42.35620121666666,-71.10276144999999
1573134492,42.35620994999999,-71.10275853333333
1573134492,42.35621865,-71.10274145
1573134492,42.35622308333333,-71.10273305000001
1573134493,42.35623003333333,-71.10272029999999
1573134493,42.35624055,-71.1027096
1573134493,42.35624541666666,-71.10270023333334
1573134494,42.35625278333334,-71.10268593333333
1573134494,42.35625761666667,-71.10267631666667
1573134494,42.3562675,-71.10266368333333
1573134494,42.3562737,-71.10264881666667
1573134495,42.35627806666666,-71.10263886666667
1573134495,42.35628766666667,-71.10262506666666
1573134495,42.35629241666667,-71.10261531666667
1573134495,42.35629945000001,-71.10260058333333
1573134496,42.35630661666667,-71.10258603333332
1573134496,42.356312333333335,-71.10257898333333
1573134496,42.35631705000001,-71.10256925
1573134496,42.35632391666666,-71.10255508333333
1573134497,42.356331299999994,-71.10254096666667
1573134497,42.35634121666667,-71.10252788333334
1573134497,42.356346183333336,-71.10251889999999
1573134497,42.35635340000001,-71.10250585
1573134498,42.356360466666665,-71.10249288333333
1573134498,42.35636901666667,-71.10248403333334
1573134498,42.356375883333335,-71.10247078333333
1573134499,42.356380333333334,-71.10246208333332
1573134499,42.356386783333335,-71.10244895000001
1573134499,42.356395266666674,-71.10243676666667
1573134499,42.356398999999996,-71.10242790000001
1573134500,42.35640454999999,-71.10241495000001
1573134500,42.356413316666675,-71.10240261666667
1573134500,42.356417283333336,-71.10239386666667
1573134500,42.35642288333334,-71.1023808
1573134501,42.356429083333325,-71.10236756666667
1573134501,42.35643115,-71.10236315
1573134501,42.35643891666667,-71.10235115
1573134501,42.35644513333334,-71.10233790000001
1573134502,42.3564514,-71.10232500000001
1573134502,42.356458333333336,-71.10231443333333
1573134502,42.35646308333333,-71.10230606666667
1573134502,42.35647038333333,-71.10229328333332
1573134503,42.35647761666667,-71.10228038333332
1573134503,42.35648174999999,-71.10227306666667
1573134503,42.35648918333333,-71.10225975
1573134504,42.35649405,-71.10225065
1573134504,42.35650086666666,-71.10223681666666
1573134504,42.356506933333335,-71.10222465000001
1573134504,42.35651131666666,-71.10221571666666
1573134505,42.35651776666667,-71.10220248333334
1573134505,42.3565203,-71.10219716666667
1573134505,42.35652475,-71.10218853333335
1573134505,42.35653161666667,-71.10217548333333
1573134506,42.3565362,-71.10216661666666
1573134506,42.356538566666664,-71.10216425
1573134506,42.35654516666667,-71.10215121666667
1573134506,42.356549650000005,-71.10214231666667
1573134507,42.35655591666667,-71.10212946666667
1573134507,42.35655834999999,-71.10212706666667
1573134507,42.35656385000001,-71.1021148
1573134507,42.35656963333332,-71.10210243333333
1573134508,42.35657366666666,-71.10209398333333
1573134508,42.356578716666675,-71.10208466666667
1573134508,42.35658388333333,-71.10207258333334
1573134509,42.35658733333333,-71.10206443333333
1573134509,42.356592150000004,-71.10205189999999
1573134509,42.356595783333326,-71.10204485
1573134509,42.35660053333333,-71.10203236666666
1573134510,42.35660479999999,-71.10202011666667
1573134510,42.35660761666666,-71.10201198333333
1573134510,42.35661506666667,-71.10199784999999
1573134510,42.356618600000004,-71.10198943333333
1573134511,42.356624366666665,-71.10197671666666
1573134511,42.356633300000006,-71.10196466666666
1573134511,42.35663536666666,-71.10196041666667
1573134511,42.35664353333333,-71.10194348333333
1573134512,42.356647599999995,-71.10193514999999
1573134512,42.35666215,-71.10192024999999
1573134512,42.35666786666667,-71.10190846666666
1573134512,42.356673833333325,-71.10189668333334
1573134513,42.35667795,-71.1018885
1573134513,42.356689366666664,-71.10187325
1573134513,42.3566953,-71.10186066666667
1573134514,42.356699283333334,-71.10185245
1573134514,42.35670366666666,-71.10184403333332
1573134514,42.35672025000001,-71.10182471666667
1573134514,42.35672455000001,-71.1018163
1573134515,42.35673136666666,-71.1018029
1573134515,42.35674748333333,-71.10178478333334
1573134515,42.35675463333334,-71.10177095
1573134515,42.356759716666666,-71.10176145
1573134516,42.35676463333333,-71.10175179999999
1573134516,42.35679343333333,-71.10173023333333
1573134516,42.356800333333325,-71.10171693333334
1573134516,42.35680473333334,-71.10170795
1573134517,42.35681113333333,-71.10169446666667
1573134517,42.356837799999994,-71.10167081666667
1573134517,42.35684245000001,-71.10166158333334
1573134517,42.3568491,-71.10164806666667
1573134518,42.35685579999999,-71.10163461666666
1573134518,42.35687626666666,-71.10161795
1573134518,42.356883383333326,-71.10160453333333
1573134519,42.35688798333334,-71.10159573333334
1573134519,42.35689481666667,-71.10158238333334
1573134519,42.35690853333333,-71.10156636666667
1573134519,42.356912349999995,-71.10155809999999
1573134520,42.35691821666666,-71.1015457
1573134520,42.3569223,-71.10153766666667
1573134520,42.35693688333333,-71.10152646666667
1573134520,42.35694128333333,-71.10151818333334
1573134521,42.35694818333333,-71.10150471666668
1573134521,42.35695251666666,-71.10149606666667
1573134521,42.35696240000001,-71.10148129999999
1573134521,42.356966549999996,-71.101473
1573134522,42.35697306666666,-71.10146074999999
1573134522,42.35698238333333,-71.10144791666667
1573134522,42.356987000000004,-71.10143933333333
1573134522,42.35699386666667,-71.10142623333333
1573134523,42.35700038333333,-71.10141300000001
1573134523,42.35700933333333,-71.10140258333332
1573134523,42.35701573333334,-71.10138933333333
1573134523,42.3570222,-71.10137658333333
1573134524,42.357028783333334,-71.10136371666667
1573134524,42.35703593333333,-71.10135498333334
1573134524,42.35704286666667,-71.10134128333334
1573134525,42.35704981666666,-71.10132741666666
1573134525,42.35705419999999,-71.1013183
1573134525,42.357061300000005,-71.10130876666668
1573134525,42.357067816666664,-71.1012963
1573134526,42.35707430000001,-71.10128398333333
1573134526,42.35707826666667,-71.10127576666667
1573134526,42.35708791666666,-71.10126656666667
1573134526,42.357092166666675,-71.10125790000001
1573134527,42.35709856666667,-71.10124445
1573134527,42.35710526666667,-71.1012375
1573134527,42.35711163333333,-71.10122411666666
1573134527,42.35711606666667,-71.10121503333333
1573134528,42.357122733333334,-71.10120140000001
1573134528,42.35713401666667,-71.1011815
1573134528,42.35713848333333,-71.10117265000001
1573134528,42.35714545000001,-71.10115886666668
1573134529,42.35715006666666,-71.10114968333333
1573134529,42.35716418333333,-71.10112881666667
1573134529,42.35716848333333,-71.10111995000001
1573134529,42.35717305,-71.1011108
1573134530,42.35718236666667,-71.10109233333333
1573134530,42.357195616666665,-71.10107428333335
1573134530,42.357202433333335,-71.10106071666667
1573134531,42.35720894999999,-71.10104768333333
1573134531,42.35721341666667,-71.10103905
1573134531,42.35722931666666,-71.10102006666666
1573134531,42.35723363333333,-71.10101146666666
1573134532,42.357240100000006,-71.10099860000001
1573134532,42.357244333333334,-71.10099011666667
1573134532,42.3572541,-71.10097473333333
1573134532,42.35726091666667,-71.1009612
1573134533,42.357265899999994,-71.10095161666666
1573134533,42.35727723333333,-71.10093171666668
1573134533,42.357284116666676,-71.10091945
1573134533,42.35728903333334,-71.10091251666665
1573134534,42.35729636666667,-71.10090191666667
1573134534,42.35731048333334,-71.10088085000001
1573134534,42.3573151,-71.10087283333334
1573134534,42.357322249999996,-71.10086041666666
1573134535,42.35732701666668,-71.10085181666666
1573134535,42.35732773333334,-71.10083490000001
1573134535,42.3573347,-71.10082221666666
1573134535,42.35733926666667,-71.10081378333332
1573134536,42.35734611666667,-71.10080119999999
1573134536,42.35735056666667,-71.10078591666667
1573134536,42.35735304999999,-71.1007814
1573134537,42.35736288333333,-71.10076273333334
1573134537,42.357367633333325,-71.10075328333335
1573134537,42.35736773333333,-71.10073428333334
1573134537,42.357372166666664,-71.1007252
1573134538,42.357378649999994,-71.10071155
1573134538,42.35738063333333,-71.10069401666667
1573134538,42.357385066666666,-71.10068508333335
1573134538,42.357392049999994,-71.10067155
1573134539,42.35739661666666,-71.10066248333332
1573134539,42.35740115000001,-71.10065333333334
1573134539,42.357408166666666,-71.10063268333333
1573134539,42.35741303333333,-71.10062305
1573134540,42.35742046666666,-71.10060828333333
1573134540,42.35742476666666,-71.10059131666667
1573134540,42.35742935,-71.10058215000001
1573134540,42.357436099999994,-71.1005685
1573134541,42.357440733333334,-71.10055935
1573134541,42.35744476666667,-71.10054423333332
1573134541,42.35744913333333,-71.10053521666667
1573134541,42.357458183333335,-71.1005169
1573134542,42.35746291666666,-71.10050758333334
1573134542,42.357464900000004,-71.10049481666667
1573134542,42.357472233333326,-71.10048006666666
1573134543,42.35747906666667,-71.10046526666667
1573134543,42.35748391666666,-71.10044733333335
1573134543,42.35748901666666,-71.10043781666667
1573134543,42.357496766666664,-71.10042356666666
1573134544,42.35750408333333,-71.10040905000001
1573134544,42.35750625000001,-71.10039678333332
1573134544,42.35751316666666,-71.10038226666667
1573134544,42.3575176,-71.1003727
1573134545,42.35752396666666,-71.10035838333333
1573134545,42.3575257,-71.10034635000001
1573134545,42.35753278333333,-71.1003316
1573134545,42.35754,-71.10031663333332
1573134546,42.35754756666667,-71.10030136666666
1573134546,42.35755081666666,-71.1002879
1573134546,42.357558850000004,-71.10027241666667
1573134547,42.35756419999999,-71.10026206666667
1573134547,42.35757189999999,-71.10024691666668
1573134547,42.357575983333334,-71.10022866666667
1573134547,42.35758343333333,-71.10021416666667
1573134548,42.3575906,-71.10020003333334
1573134548,42.35758623333333,-71.10017978333333
1573134548,42.35759358333333,-71.10016535
1573134548,42.35759861666667,-71.10015563333333
1573134549,42.35760615000001,-71.10014120000001
1573134549,42.35760454999999,-71.10012011666666
1573134549,42.357609133333334,-71.10011058333333
1573134549,42.35761596666666,-71.10009631666667
1573134550,42.3576226,-71.10008191666668
1573134550,42.357621216666665,-71.10006916666666
1573134550,42.357629883333324,-71.10005070000001
1573134551,42.35763446666667,-71.10004126666666
1573134551,42.35764133333333,-71.10002686666667
1573134551,42.35764588333333,-71.10000631666666
1573134551,42.35765045,-71.09999668333333
1573134552,42.35765753333333,-71.09998271666667
1573134552,42.35766416666667,-71.09996501666666
1573134552,42.35766914999999,-71.099956
1573134552,42.357674066666675,-71.09994685000001
1573134553,42.35768096666668,-71.09993311666666
1573134553,42.35768751666666,-71.09991741666666
1573134553,42.35769496666667,-71.09990318333332
1573134553,42.35769990000001,-71.09989378333333
1573134554,42.3577074,-71.09987986666667
1573134554,42.35770761666666,-71.09986926666667
1573134554,42.35771253333334,-71.09985953333333
1573134554,42.35772211666668,-71.09984008333333
1573134555,42.3577292,-71.09982605
1573134555,42.357733200000006,-71.09980796666667
1573134555,42.357737966666676,-71.09979846666667
1573134556,42.357742949999995,-71.09978886666667
1573134556,42.35774956666667,-71.09976695
1573134556,42.35775448333334,-71.09975756666665
1573134556,42.35775936666668,-71.09974811666666
1573134557,42.35776658333333,-71.09973388333333
1573134557,42.357771333333325,-71.09971891666667
1573134557,42.35777601666667,-71.09970945
1573134557,42.35778314999999,-71.09969525
1573134558,42.35779025,-71.099681
1573134558,42.357791049999996,-71.09967098333333
1573134558,42.357795749999994,-71.09966125
1573134558,42.35780294999999,-71.09964621666666
1573134559,42.35780996666667,-71.09963085
1573134559,42.35781061666667,-71.09961985
1573134559,42.357817633333326,-71.09960543333332
1573134559,42.35782474999999,-71.09959111666667
1573134560,42.357829366666664,-71.0995818
1573134560,42.35783356666668,-71.09956706666667
1573134560,42.357840483333334,-71.09955316666667
1573134561,42.35784491666667,-71.09954408333333
1573134561,42.357851749999995,-71.09953043333333
1573134561,42.35785688333334,-71.09951816666667
1573134561,42.35786388333332,-71.09950431666665
1573134562,42.35786855,-71.09949496666667
1573134562,42.35787311666666,-71.09948564999999
1573134562,42.35788110000001,-71.09946726666668
1573134562,42.357885616666664,-71.09945771666666
1573134563,42.35789258333333,-71.09944351666667
1573134563,42.35789676666666,-71.09943559999999
1573134563,42.3579037,-71.09942226666666
1573134563,42.357910350000004,-71.09940895
1573134564,42.3579145,-71.09940060000001
1573134564,42.357918616666666,-71.09939161666667
1573134564,42.35792081666666,-71.09938753333333
1573134564,42.357929766666665,-71.09937045000001
1573134565,42.357936249999995,-71.09935743333334
1573134565,42.3579432,-71.09934086666667
1573134565,42.35794803333333,-71.0993316
1573134566,42.35795271666665,-71.099322
1573134566,42.357959900000004,-71.09930703333333
1573134566,42.3579676,-71.09928765
1573134566,42.35797441666667,-71.09927283333333
1573134567,42.357979033333336,-71.09926285
1573134567,42.35798736666667,-71.09924236666667
1573134567,42.357992033333325,-71.09923258333333
1573134567,42.35799895,-71.09921798333333
1573134568,42.35800571666667,-71.09920378333332
1573134568,42.35801193333334,-71.09918803333333
1573134568,42.358018933333334,-71.09917393333333
1573134568,42.358025950000005,-71.09916031666667
1573134569,42.35803053333334,-71.09915146666667
1573134569,42.35803728333333,-71.09913203333333
1573134569,42.35803945,-71.09912736666666
1573134569,42.35804823333333,-71.09910880000001
1573134570,42.35805048333333,-71.09910406666667
1573134570,42.3580596,-71.09908251666667
1573134570,42.358066599999994,-71.09906785
1573134570,42.35807128333333,-71.0990583
1573134571,42.358075966666675,-71.099049
1573134571,42.35808293333333,-71.09903276666667
1573134571,42.35808983333333,-71.09901898333332
1573134572,42.3580944,-71.09900991666667
1573134572,42.35810133333332,-71.09899676666667
1573134572,42.358105233333326,-71.09898186666666
1573134572,42.35811236666667,-71.09896943333334
1573134573,42.35811938333333,-71.09895688333333
1573134573,42.358123983333336,-71.09894848333333
1573134573,42.35813088333333,-71.0989329
1573134573,42.35813573333333,-71.09892454999999
1573134574,42.35814288333332,-71.09891200000001
1573134574,42.35814906666666,-71.09889968333333
1573134574,42.35815389999999,-71.09889108333333
1573134574,42.35816091666668,-71.09887798333332
1573134575,42.35816750000001,-71.09886491666666
1573134575,42.358170550000004,-71.09885678333333
1573134575,42.35817688333333,-71.098844
1573134575,42.358181066666674,-71.09883553333334
1573134576,42.358187216666664,-71.098823
1573134576,42.35819258333333,-71.09881108333335
1573134576,42.358196566666656,-71.0988026
1573134576,42.358202466666675,-71.09878936666667
1573134577,42.35820798333332,-71.09877596666666
1573134577,42.35820893333333,-71.09876968333333
1573134577,42.35821455,-71.0987564
1573134578,42.35821971666666,-71.09874345
1573134578,42.358222999999995,-71.09873491666667
1573134578,42.35822575000001,-71.09872874999999
1573134578,42.3582308,-71.09871621666666
1573134579,42.35823626666667,-71.09870338333333
1573134579,42.35824005,-71.09869483333333
1573134579,42.35824461666666,-71.09868423333334
1573134579,42.35824843333333,-71.0986755
1573134580,42.358252416666666,-71.09866671666667
1573134580,42.358260933333334,-71.09865031666666
1573134580,42.35826495,-71.09864208333333
1573134580,42.35826901666667,-71.09863395
1573134581,42.358275333333324,-71.09862198333333
1573134581,42.358281133333335,-71.09860643333333
1573134581,42.358287116666666,-71.09859451666667
1573134581,42.35829101666667,-71.09858676666666
1573134582,42.35829708333334,-71.09857536666667
1573134582,42.35829921666667,-71.09857158333332
1573134582,42.3583066,-71.09855795
1573134582,42.358310949999996,-71.09855063333333
1573134583,42.358317166666666,-71.09853945
1573134583,42.358320716666675,-71.09852883333333
1573134583,42.35832676666667,-71.0985185
1573134583,42.35833075000001,-71.09851106666666
1573134584,42.358336449999996,-71.09849971666667
1573134584,42.358338966666665,-71.09849226666667
1573134584,42.35834403333333,-71.09848221666667
1573134585,42.35834876666666,-71.09847165
1573134585,42.35835216666666,-71.09846461666666
1573134585,42.35835658333334,-71.09845666666668
1573134585,42.35836510000001,-71.09844
1573134586,42.35836978333334,-71.09843085
1573134586,42.358376766666666,-71.09841675
1573134586,42.35838181666666,-71.09840751666667
1573134586,42.35838699999999,-71.09839813333333
1573134587,42.35839581666667,-71.09837921666667
1573134587,42.35840193333334,-71.0983651
1573134587,42.35840586666666,-71.0983564
1573134587,42.358411733333334,-71.09834358333333
1573134588,42.358417499999995,-71.09833113333335
1573134588,42.35842243333333,-71.09832266666668
1573134588,42.35842908333334,-71.09831021666668
1573134589,42.35843351666668,-71.09830128333333
1573134589,42.35844006666666,-71.09828711666667
1573134589,42.358445683333336,-71.09827661666667
1573134589,42.35845215,-71.0982617
1573134590,42.35845863333334,-71.0982471
1573134590,42.35846265,-71.09823738333333
1573134590,42.358468133333325,-71.09822213333334
1573134590,42.35847146666667,-71.09821243333334
1573134591,42.358475466666675,-71.09819773333334
1573134591,42.358476966666665,-71.09818754999999
1573134591,42.358477516666674,-71.09817111666666
1573134591,42.35847748333334,-71.09816088333334
1573134592,42.358476749999994,-71.09814226666667
1573134592,42.3584764,-71.09813786666668
1573134592,42.358475150000004,-71.09812021666666
1573134592,42.358474099999995,-71.09810833333333
1573134593,42.35847286666667,-71.09809680000001
1573134593,42.35847225000001,-71.0980887
1573134593,42.35847308333334,-71.09807765000001
1573134594,42.35847538333334,-71.09806975
1573134594,42.35847833333334,-71.09806191666667
1573134594,42.3584867,-71.0980473
1573134594,42.35849243333334,-71.09803526666666
1573134595,42.358496366666664,-71.09802698333333
1573134595,42.358504716666666,-71.0980134
1573134595,42.35850863333333,-71.09800455
1573134595,42.35851641666667,-71.09798751666668
1573134596,42.35852020000001,-71.0979791
1573134596,42.358529033333326,-71.09796708333333
1573134596,42.3585328,-71.09795861666666
1573134597,42.35853866666666,-71.09794576666667
1573134597,42.35854461666666,-71.09793263333333
1573134597,42.35855258333333,-71.09792378333333
1573134597,42.3585586,-71.09791061666667
1573134598,42.358564750000006,-71.09789698333334
1573134598,42.35856883333333,-71.09788801666667
1573134598,42.35857923333332,-71.09787469999999
1573134598,42.35858461666666,-71.09786224999999
1573134599,42.358588600000004,-71.09785405
1573134599,42.358599383333335,-71.09784011666667
1573134599,42.35860398333333,-71.0978312
1573134599,42.35861078333335,-71.09781738333334
1573134600,42.35861771666667,-71.09780321666666
1573134600,42.35862588333333,-71.09779338333333
1573134600,42.35863246666666,-71.09777926666666
1573134600,42.35863708333333,-71.0977698
1573134601,42.35864326666666,-71.09775605
1573134601,42.35865784999999,-71.09774
1573134601,42.35866235,-71.09773106666667
1573134601,42.358666750000005,-71.09772198333334
1573134602,42.35867338333334,-71.0977085
1573134602,42.35868803333333,-71.09769245000001
1573134602,42.358692283333326,-71.09768391666667
1573134602,42.35869858333334,-71.09767125
1573134603,42.358702466666664,-71.09766306666667
1573134603,42.35871978333333,-71.09764603333333
1573134603,42.358726250000004,-71.09763338333333
1573134603,42.35873058333333,-71.0976246
1573134604,42.35873721666666,-71.09761105
1573134604,42.358763266666664,-71.09758778333334
1573134604,42.35876998333333,-71.09757353333333
1573134604,42.35877468333333,-71.09756386666666
1573134605,42.35878208333334,-71.0975493
1573134605,42.35879386666667,-71.09752696666666
1573134605,42.35879855,-71.09751695
1573134606,42.35880543333333,-71.09750236666667
1573134606,42.35881156666666,-71.09748768333334
1573134606,42.358816250000004,-71.09747801666667
1573134606,42.35882095,-71.09746831666666
1573134607,42.358827866666665,-71.09745373333334
1573134607,42.35883373333333,-71.09744090000001
1573134607,42.35883795,-71.09743158333335
1573134607,42.35884424999999,-71.09741793333333
1573134608,42.358850816666674,-71.09740438333333
1573134608,42.35886133333334,-71.09739746666666
1573134608,42.358868,-71.09738383333332
1573134608,42.358872516666665,-71.0973747
1573134609,42.35887925,-71.09736106666666
1573134609,42.358887583333335,-71.09735309999999
1573134609,42.35889186666667,-71.09734438333334
1573134609,42.358898450000005,-71.09733151666667
1573134610,42.358903350000006,-71.09732288333333
1573134610,42.35892513333333,-71.09730505000002
1573134610,42.358932249999995,-71.0972916
1573134611,42.35893686666667,-71.09728241666666
1573134611,42.358943950000004,-71.09726805
1573134611,42.35895763333333,-71.09725456666666
1573134611,42.358964650000004,-71.09724051666667
1573134612,42.35896901666667,-71.09723141666667
1573134612,42.35897331666667,-71.09722251666668
1573134612,42.35898108333334,-71.09720999999999
1573134612,42.3589874,-71.09719711666666
1573134613,42.358991966666665,-71.09718825
1573134613,42.35900621666667,-71.0971697
1573134613,42.35901336666667,-71.09715588333333
1573134613,42.359018033333335,-71.09714645000001
1573134614,42.35902481666667,-71.09713111666666
1573134614,42.35904024999999,-71.09709431666667
1573134614,42.359045416666675,-71.09708316666666
1573134614,42.359053566666674,-71.09706588333333
1573134615,42.35905925000001,-71.0970543
1573134615,42.359068316666665,-71.09703339999999
1573134615,42.35907551666666,-71.0970173
1573134615,42.359080033333335,-71.09700688333334
1573134616,42.35908628333333,-71.09699128333334
1573134616,42.359091133333344,-71.09697944999999
1573134616,42.359096799999996,-71.09696481666667
1573134616,42.359100749999996,-71.09695541666667
1573134617,42.35910691666667,-71.09694188333333
1573134617,42.359114166666664,-71.09692738333332
1573134617,42.35911823333333,-71.09691821666667
1573134618,42.35912441666667,-71.09690431666667
1573134618,42.35913208333333,-71.09689016666665
1573134618,42.359136266666674,-71.09688105000001
1573134618,42.35914188333333,-71.09686735000001
1573134619,42.35914568333333,-71.09685843333334
1573134619,42.359152949999995,-71.0968447
1573134619,42.3591591,-71.0968318
1573134619,42.359160966666664,-71.09682773333334
1573134620,42.35916868333334,-71.09681113333333
1573134620,42.35917344999999,-71.0968029
1573134620,42.35917943333334,-71.09679025
1573134620,42.35918323333334,-71.09678161666668
1573134621,42.35918861666668,-71.09676861666667
1573134621,42.35919500000001,-71.0967569
1573134621,42.35919883333332,-71.09674868333333
1573134621,42.35920465,-71.09673656666668
1573134622,42.359211083333335,-71.09672488333334
1573134622,42.35921438333333,-71.09672261666667
1573134622,42.35922071666667,-71.0967108
1573134623,42.35922678333333,-71.09669866666667
1573134623,42.35923286666666,-71.09668599999999
1573134623,42.35923798333333,-71.09667735
1573134623,42.35924575000001,-71.09666085
1573134624,42.35924936666667,-71.09665301666666
1573134624,42.35925271666667,-71.09664571666667
1573134624,42.359259083333335,-71.09663585
1573134624,42.35926323333333,-71.09662628333334
1573134625,42.35926678333334,-71.09661688333334
1573134625,42.35926793333333,-71.09661383333334
1573134625,42.35927374999999,-71.09660388333333
1573134625,42.35927818333333,-71.09659516666667
1573134626,42.35928346666666,-71.09658688333334
1573134626,42.359289133333334,-71.0965787
1573134626,42.35929403333333,-71.09657251666667
1573134626,42.3592992,-71.09656604999999
1573134627,42.35930713333333,-71.09655606666666
1573134627,42.35931028333332,-71.09654881666667
1573134627,42.35931731666666,-71.09653816666668
1573134628,42.35932331666667,-71.09652630000001
1573134628,42.35932724999999,-71.09651818333333
1573134628,42.35932945,-71.0965047
1573134628,42.35933638333332,-71.09648746666667
1573134629,42.35933966666666,-71.09647901666668
1573134629,42.35934423333333,-71.09646371666666
1573134629,42.35934768333333,-71.09645553333333
1573134629,42.35935301666667,-71.09644321666667
1573134630,42.35935671666666,-71.09643514999999
1573134630,42.35936761666667,-71.09641796666666
1573134630,42.3593736,-71.09640586666666
1573134630,42.35937755,-71.09639805
1573134631,42.359383449999996,-71.09638688333332
1573134631,42.359395283333335,-71.09637191666667
1573134631,42.35939943333333,-71.0963639
1573134631,42.35940575,-71.09635145
1573134632,42.35940996666667,-71.0963429
1573134632,42.35941903333334,-71.09632758333333
1573134632,42.35942535000001,-71.09631424999999
1573134632,42.35943178333334,-71.0963007
1573134633,42.35943831666667,-71.09628724999999
1573134633,42.35945325,-71.09626119999999
1573134633,42.35945783333333,-71.09625231666668
1573134634,42.35946451666667,-71.09623913333333
1573134634,42.35948,-71.09621766666667
1573134634,42.359486849999996,-71.09620438333333
1573134634,42.359491350000006,-71.09619498333333
1573134635,42.3594958,-71.09618545
1573134635,42.35951073333334,-71.09615863333333
1573134635,42.35951740000001,-71.0961448
1573134635,42.359521933333326,-71.09613569999999
1573134636,42.35952883333333,-71.09612198333333
1573134636,42.35954035,-71.09610173333334
1573134636,42.35954683333333,-71.09608783333333
1573134636,42.35955115,-71.09607873333333
1573134637,42.359557683333335,-71.09606516666666
1573134637,42.3595691,-71.09603851666668
1573134637,42.35957331666667,-71.09602943333333
1573134637,42.3595795,-71.09601591666666
1573134638,42.35958345000001,-71.09600698333334
1573134638,42.359594666666666,-71.09598526666667
1573134638,42.35960106666666,-71.09597115
1573134639,42.35960541666667,-71.09596169999999
1573134639,42.35961186666667,-71.09594765
1573134639,42.35961996666666,-71.09593
1573134639,42.35962408333333,-71.09592081666666
1573134640,42.3596305,-71.09590711666667
1573134640,42.359640199999994,-71.09588723333333
1573134640,42.35964668333333,-71.09587351666667
1573134640,42.35965093333332,-71.09586426666667
1573134641,42.35965509999999,-71.09585494999999
1573134641,42.359662283333336,-71.09583933333333
1573134641,42.35966848333334,-71.09582603333334
1573134641,42.35967246666667,-71.0958173
1573134642,42.35967846666667,-71.09580439999999
1573134642,42.35968675,-71.09578934999999
1573134642,42.35969091666666,-71.09578056666666
1573134643,42.359694983333334,-71.09577163333334
1573134643,42.35970248333333,-71.09575425
1573134643,42.35970606666666,-71.095745
1573134643,42.359709699999996,-71.09573635
1573134644,42.3597157,-71.0957231
1573134644,42.359722266666665,-71.09570959999999
1573134644,42.359729249999994,-71.09569373333333
1573134644,42.359733983333335,-71.09568433333334
1573134645,42.35974178333333,-71.09567005000001
1573134645,42.359747199999994,-71.09566046666667
1573134645,42.35975611666666,-71.09564563333333
1573134645,42.359764049999995,-71.09563151666667
1573134646,42.35977178333333,-71.09561755
1573134646,42.359778816666655,-71.09560698333333
1573134646,42.359786299999996,-71.09559333333333
1573134646,42.35979358333334,-71.09558023333334
1573134647,42.35979825,-71.09557188333333
1573134647,42.359804100000005,-71.09556386666667
1573134647,42.3598105,-71.09555233333334
1573134647,42.35981678333332,-71.09554041666667
1573134648,42.35982311666667,-71.0955279
1573134648,42.35982954999999,-71.09551743333333
1573134648,42.35983393333333,-71.0955088
1573134648,42.35984055000001,-71.09549575
1573134649,42.359844966666664,-71.09548701666665
1573134649,42.35985236666667,-71.09547335
1573134649,42.35985673333333,-71.09546461666667
1573134650,42.359865883333335,-71.09544663333332
1573134650,42.3598705,-71.09543753333334
1573134650,42.359875466666665,-71.09542756666666
1573134650,42.359884616666676,-71.09540915
1573134651,42.35988903333334,-71.09539986666667
1573134651,42.359895433333335,-71.09538355
1573134651,42.359901783333335,-71.09537071666668
1573134651,42.35990598333333,-71.09536245
1573134652,42.35991226666667,-71.09535013333334
1573134652,42.359917483333334,-71.09533293333334
1573134652,42.359921533333335,-71.09532451666666
1573134652,42.359925649999994,-71.09531573333334
1573134653,42.35993183333333,-71.09530238333333
1573134653,42.35993778333333,-71.0952875
1573134653,42.35994215,-71.09527849999999
1573134653,42.35994873333334,-71.09526513333334
1573134654,42.35995525,-71.0952519
1573134654,42.35995821666667,-71.09524213333334
1573134654,42.35996258333333,-71.09523381666666
1573134655,42.35996903333333,-71.09522163333332
1573134655,42.359973316666675,-71.09521338333333
1573134655,42.35998013333332,-71.09519556666667
1573134655,42.35998586666666,-71.09518353333333
1573134656,42.35998970000001,-71.09517548333334
1573134656,42.35998670000001,-71.09516146666667
1573134656,42.359993249999995,-71.09514888333332
1573134656,42.35999765,-71.09514035000001
1573134657,42.36000186666667,-71.09513203333333
1573134657,42.36000056666666,-71.09511498333333
1573134657,42.36000466666666,-71.09510691666667
1573134657,42.360010816666666,-71.09509498333334
1573134658,42.3600171,-71.09508306666667
1573134658,42.36001533333334,-71.09506681666667
1573134658,42.36002168333332,-71.09505416666666
1573134658,42.36002785000001,-71.09504086666668
1573134659,42.36002993333333,-71.09503638333334
1573134659,42.36003791666667,-71.09501700000001
1573134659,42.36004393333333,-71.09500248333335
1573134659,42.36004608333332,-71.09499771666667
1573134660,42.36005453333334,-71.09497979999999
1573134660,42.360059533333335,-71.09497506666666
1573134660,42.360065533333334,-71.09496255
1573134660,42.36006945000001,-71.09495431666666
1573134661,42.3600752,-71.09494178333333
1573134661,42.36008281666667,-71.0949323
1573134661,42.36008663333334,-71.0949238
1573134662,42.36009043333333,-71.09491546666666
1573134662,42.36009585,-71.09490281666667
1573134662,42.3601034,-71.09489341666668
1573134662,42.360106783333336,-71.09488506666666
1573134663,42.36011166666667,-71.09487250000001
1573134663,42.360114800000005,-71.09486405
1573134663,42.360122399999995,-71.09485556666667
1573134663,42.360126750000006,-71.09484291666666
1573134664,42.360130866666665,-71.09483071666666
1573134664,42.36013691666667,-71.09482235
1573134664,42.360138133333336,-71.09481851666666
1573134664,42.36014283333334,-71.09480323333334
1573134665,42.360145200000005,-71.0947956
1573134665,42.3601511,-71.09478903333334
1573134665,42.36015486666667,-71.09477785
1573134666,42.360157300000004,-71.09477061666666
1573134666,42.36016076666667,-71.09475981666667
1573134666,42.36016395,-71.09475701666666
1573134666,42.36016599999999,-71.09475018333332
1573134667,42.36016886666666,-71.09474025
1573134667,42.36017145,-71.0947308
1573134667,42.36017388333333,-71.09472756666668
1573134667,42.36017461666667,-71.09472483333333
1573134668,42.360177266666675,-71.09471483333334
1573134668,42.36017933333333,-71.0947162
1573134668,42.36018028333333,-71.09471248333332
1573134668,42.36018143333334,-71.09470733333333
1573134669,42.36018174999999,-71.09470571666667
1573134669,42.3601826,-71.09470118333333
1573134669,42.360181516666664,-71.09470555
1573134669,42.36018206666666,-71.09470161666667
1573134670,42.360182416666674,-71.09469778333334
1573134670,42.3601807,-71.09470136666667
1573134670,42.360180983333336,-71.09469779999999
1573134670,42.36018106666667,-71.09469535
1573134671,42.36018113333333,-71.09469298333333
1573134671,42.3601791,-71.09469765
1573134671,42.36017948333333,-71.0946945
1573134672,42.36017998333333,-71.09469163333334
1573134672,42.36018031666667,-71.09468863333333
1573134672,42.360177400000005,-71.09469153333332
1573134672,42.360177883333336,-71.0946899
1573134673,42.360178633333334,-71.09468775
1573134673,42.360175666666656,-71.09469148333332
1573134673,42.36017571666666,-71.09469103333332
1573134673,42.360175633333334,-71.09468951666666
1573134674,42.360175250000005,-71.09468838333333
1573134674,42.3601725,-71.09469298333333
1573134674,42.36017215,-71.09469196666667
1573134674,42.36017188333334,-71.09469073333332
1573134675,42.36017168333333,-71.09468978333334
1573134675,42.360163883333335,-71.09470456666666
1573134675,42.36016306666667,-71.09470216666666
1573134675,42.36016241666666,-71.09470028333334
1573134676,42.36016153333333,-71.09469733333334
1573134676,42.36015546666666,-71.09470956666668
1573134676,42.360155283333334,-71.09470778333333
1573134677,42.360155166666665,-71.09470508333334
1573134677,42.360155150000004,-71.09470336666666
1573134677,42.360150016666665,-71.09471356666667
1573134677,42.360150283333326,-71.09471118333332
1573134678,42.36015046666667,-71.09470971666666
1573134678,42.3601486,-71.09471348333334
1573134678,42.36014876666666,-71.09471223333333
1573134678,42.36014886666666,-71.09471135000001
1573134679,42.360148583333334,-71.09471151666666
1573134679,42.36014895,-71.09469734999999
1573134679,42.36014895,-71.09469734999999
1573134679,42.36014895,-71.09469734999999
1573134680,42.36014895,-71.09469734999999
1573134680,42.36014906666666,-71.09469791666668
1573134680,42.36014945,-71.09469958333334
1573134681,42.36015008333334,-71.09470105
1573134681,42.36015046666667,-71.09470183333333
1573134681,42.36014136666667,-71.09469496666667
1573134681,42.360141649999996,-71.09469583333332
1573134682,42.36014173333333,-71.09469630000001
1573134682,42.360133516666664,-71.09469393333333
1573134682,42.360133516666664,-71.09469393333333
1573134682,42.360133516666664,-71.09469393333333
1573134683,42.360133516666664,-71.09469393333333
1573134683,42.360133516666664,-71.09469393333333
1573134683,42.360133516666664,-71.09469393333333
1573134683,42.360133516666664,-71.09469393333333
1573134684,42.360133516666664,-71.09469393333333
1573134684,42.360133516666664,-71.09469393333333
1573134684,42.360133516666664,-71.09469393333333
1573134685,42.360133516666664,-71.09469393333333
1573134685,42.360133516666664,-71.09469393333333
1573134685,42.360133516666664,-71.09469393333333
1573134685,42.360133516666664,-71.09469393333333
1573134686,42.360133516666664,-71.09469393333333
1573134686,42.360133516666664,-71.09469393333333
1573134686,42.360133516666664,-71.09469393333333
1573134686,42.360133516666664,-71.09469393333333
1573134687,42.360133516666664,-71.09469393333333
1573134687,42.360133516666664,-71.09469393333333
1573134687,42.360133516666664,-71.09469393333333
1573134687,42.360133516666664,-71.09469393333333
1573134688,42.360133516666664,-71.09469393333333
1573134688,42.360133516666664,-71.09469393333333
1573134688,42.360133516666664,-71.09469393333333
1573134688,42.360133516666664,-71.09469393333333
1573134689,42.360133516666664,-71.09469393333333
1573134689,42.360133516666664,-71.09469393333333
1573134689,42.360133516666664,-71.09469393333333
1573134689,42.360133516666664,-71.09469393333333
1573134690,42.360133516666664,-71.09469393333333
1573134690,42.360133516666664,-71.09469393333333
1573134690,42.360133516666664,-71.09469393333333
1573134690,42.360133516666664,-71.09469393333333
1573134691,42.360133516666664,-71.09469393333333
1573134691,42.360133516666664,-71.09469393333333
1573134691,42.360133516666664,-71.09469393333333
1573134692,42.360133516666664,-71.09469393333333
1573134692,42.360133516666664,-71.09469393333333
1573134692,42.360133516666664,-71.09469393333333
1573134692,42.360133516666664,-71.09469393333333
1573134693,42.360133516666664,-71.09469393333333
1573134693,42.360133516666664,-71.09469393333333
1573134693,42.360133516666664,-71.09469393333333
1573134693,42.360133516666664,-71.09469393333333
1573134694,42.360133516666664,-71.09469393333333
1573134694,42.360133516666664,-71.09469393333333
1573134694,42.360133516666664,-71.09469393333333
1573134694,42.360133516666664,-71.09469393333333
1573134695,42.360133516666664,-71.09469393333333
1573134695,42.360133516666664,-71.09469393333333
1573134695,42.360133516666664,-71.09469393333333
1573134695,42.360133516666664,-71.09469393333333
1573134696,42.360133516666664,-71.09469393333333
1573134696,42.360133516666664,-71.09469393333333
1573134696,42.360133516666664,-71.09469393333333
1573134697,42.360133516666664,-71.09469393333333
1573134697,42.360133516666664,-71.09469393333333
1573134697,42.360133516666664,-71.09469393333333
1573134697,42.360133516666664,-71.09469393333333
1573134698,42.360133516666664,-71.09469393333333
1573134698,42.360133516666664,-71.09469393333333
1573134698,42.36013375000001,-71.09469315
1573134698,42.3601341,-71.09469184999999
1573134699,42.360134416666675,-71.09469088333334
1573134699,42.36013344999999,-71.09468976666668
1573134699,42.36013385,-71.09468848333333
1573134699,42.36013453333333,-71.09468641666668
1573134700,42.360135066666665,-71.0946845
1573134700,42.360134966666664,-71.09468216666667
1573134700,42.360134966666664,-71.09468216666667
1573134700,42.360134966666664,-71.09468216666667
1573134701,42.360134966666664,-71.09468216666667
1573134701,42.360134966666664,-71.09468216666667
1573134701,42.360134966666664,-71.09468216666667
1573134702,42.360134966666664,-71.09468216666667
1573134702,42.360134966666664,-71.09468216666667
1573134702,42.360134966666664,-71.09468216666667
1573134702,42.360134966666664,-71.09468216666667
1573134703,42.360134966666664,-71.09468216666667
1573134703,42.360134966666664,-71.09468216666667
1573134703,42.360134966666664,-71.09468216666667
1573134703,42.360134966666664,-71.09468216666667
1573134704,42.360134966666664,-71.09468216666667
1573134704,42.360134966666664,-71.09468216666667
1573134704,42.360134966666664,-71.09468216666667
1573134704,42.360134966666664,-71.09468216666667
1573134705,42.360134966666664,-71.09468216666667
1573134705,42.360134966666664,-71.09468216666667
1573134705,42.360134966666664,-71.09468216666667
1573134705,42.360134966666664,-71.09468216666667
1573134706,42.360134966666664,-71.09468216666667
1573134706,42.360135166666666,-71.09468253333333
1573134706,42.360135850000006,-71.09468393333333
1573134706,42.360136383333334,-71.09468503333332
1573134707,42.36013691666667,-71.09468629999999
1573134707,42.36013693333333,-71.09469133333334
1573134707,42.36013761666666,-71.09469381666666
1573134708,42.36013788333333,-71.09469496666667
1573134708,42.360139866666664,-71.09470266666668
1573134708,42.360142916666675,-71.09470888333334
1573134708,42.36014491666666,-71.09471481666665
1573134709,42.36014811666667,-71.09472448333334
1573134709,42.360150649999994,-71.09473173333335
1573134709,42.36015523333334,-71.09474321666667
1573134709,42.360160033333344,-71.09475608333334
1573134710,42.3601632,-71.09476488333333
1573134710,42.360166416666665,-71.09477373333334
1573134710,42.36017496666666,-71.09478893333333
1573134710,42.36017866666666,-71.09479818333332
1573134711,42.36018458333333,-71.09481211666666
1573134711,42.360192833333336,-71.09482254999999
1573134711,42.36019963333333,-71.09483671666668
1573134711,42.360201933333336,-71.09484148333333
1573134712,42.36021118333333,-71.09485966666666
1573134712,42.36021869999999,-71.09487128333333
1573134712,42.36022541666666,-71.09488304999999
1573134713,42.36023003333333,-71.09489095
1573134713,42.360234750000004,-71.09489911666667
1573134713,42.36024248333333,-71.09491191666666
1573134713,42.36024748333333,-71.09492056666666
1573134714,42.360257816666675,-71.09493803333334
1573134714,42.360264300000004,-71.09494526666667
1573134714,42.360272150000014,-71.09495861666666
1573134714,42.36027744999999,-71.0949671
1573134715,42.360285766666664,-71.09497865
1573134715,42.36029595,-71.0949875
1573134715,42.360305116666666,-71.09499806666666
1573134715,42.360311349999996,-71.0950051
1573134716,42.36032078333332,-71.09501541666667
1573134716,42.36032896666667,-71.09501963333334
1573134716,42.3603384,-71.09503038333334
1573134717,42.36034753333333,-71.0950416
1573134717,42.360358016666666,-71.09504941666667
1573134717,42.36036366666667,-71.09505723333334
1573134717,42.3603721,-71.0950696
1573134718,42.36037765,-71.09507815
1573134718,42.36038668333334,-71.09509016666665
1573134718,42.36039268333334,-71.09509851666667
1573134718,42.36040186666668,-71.09511066666667
1573134719,42.36041098333333,-71.09512221666667
1573134719,42.360420450000014,-71.0951319
1573134719,42.36042583333333,-71.09513981666667
1573134719,42.360431066666656,-71.09514771666666
1573134720,42.36043888333334,-71.09516001666665
1573134720,42.360447750000006,-71.09517021666667
1573134720,42.36045566666667,-71.09518285
1573134721,42.36046103333333,-71.09519144999999
1573134721,42.360469216666665,-71.09520431666667
1573134721,42.36047925,-71.09521343333333
1573134721,42.360484899999996,-71.09522221666666
1573134722,42.360493266666666,-71.09523555000001
1573134722,42.360506666666666,-71.09524535000001
1573134722,42.360514783333336,-71.09525903333333
1573134722,42.36052023333333,-71.09526821666667
1573134723,42.360525733333326,-71.09527718333334
1573134723,42.36053578333334,-71.09528918333334
1573134723,42.36054436666666,-71.09530265000001
1573134723,42.36054996666667,-71.09531165
1573134724,42.36055825,-71.09532515
1573134724,42.36056341666668,-71.09533356666668
1573134724,42.36057115,-71.09534723333333
1573134724,42.36057606666667,-71.0953565
1573134725,42.36058591666667,-71.09537486666666
1573134725,42.36059291666667,-71.09538831666667
1573134725,42.36059781666666,-71.09539775
1573134726,42.36060283333333,-71.09540741666666
1573134726,42.360610349999995,-71.09542191666665
1573134726,42.36061599999999,-71.0954345
1573134726,42.360621099999996,-71.09544448333334
1573134727,42.360628899999995,-71.09545958333334
1573134727,42.36063418333333,-71.0954698
1573134727,42.360641416666674,-71.09548275
1573134727,42.360649483333326,-71.09549753333333
1573134728,42.360654933333336,-71.09550746666667
1573134728,42.36066151666667,-71.09552016666667
1573134728,42.360666916666666,-71.09552986666667
1573134728,42.36067500000001,-71.09554435
1573134729,42.360686,-71.09556366666668
1573134729,42.36068905,-71.09557315
1573134729,42.36069439999999,-71.09558248333333
1573134730,42.36070238333334,-71.09559651666667
1573134730,42.36071008333333,-71.09561063333334
1573134730,42.360710783333325,-71.09561806666667
1573134730,42.36072093333333,-71.0956366
1573134731,42.360728733333325,-71.09564996666666
1573134731,42.36073411666666,-71.09565878333333
1573134731,42.3607416,-71.09567591666668
1573134731,42.36074743333333,-71.09568453333333
1573134732,42.36075615,-71.09569728333332
1573134732,42.36076198333333,-71.09570583333334
1573134732,42.360771033333336,-71.0957229
1573134732,42.360776699999995,-71.09573175
1573134733,42.36078496666667,-71.09574531666667
1573134733,42.36079036666666,-71.09575425
1573134733,42.360800983333334,-71.09577134999999
1573134733,42.36080616666666,-71.09578011666667
1573134734,42.360813783333334,-71.09579368333334
1573134734,42.3608254,-71.09581035
1573134734,42.36083058333333,-71.09581993333333
1573134734,42.3608359,-71.09582945
1573134735,42.36084605,-71.09584653333333
1573134735,42.36085146666666,-71.09585755
1573134735,42.36085831666666,-71.09587048333333
1573134735,42.36086283333334,-71.09587973333335
1573134736,42.360869866666654,-71.09589433333333
1573134736,42.36087483333334,-71.09590521666668
1573134736,42.36088233333333,-71.09592036666666
1573134736,42.360889933333326,-71.09593563333333
1573134737,42.36089485000001,-71.09594596666668
1573134737,42.36090321666667,-71.09596278333333
1573134737,42.36090835,-71.09597246666667
1573134738,42.36091651666667,-71.09598598333334
1573134738,42.36092236666667,-71.09599461666666
1573134738,42.36093256666666,-71.09600996666666
1573134738,42.36094228333333,-71.09602101666665
1573134739,42.36094883333334,-71.09602766666667
1573134739,42.360962199999996,-71.0960417
1573134739,42.36096831666667,-71.09604805000001
1573134739,42.360977199999994,-71.09605793333334
1573134740,42.360982966666676,-71.09606473333334
1573134740,42.360991383333335,-71.09607673333333
1573134740,42.360996433333334,-71.09608351666667
1573134740,42.36100396666668,-71.09609346666666
1573134741,42.361008899999995,-71.09610003333333
1573134741,42.36101726666668,-71.09611105
1573134741,42.36102226666667,-71.09611811666667
1573134741,42.361032433333335,-71.09613213333334
1573134742,42.36104006666666,-71.09614333333333
1573134742,42.36104581666667,-71.09615261666666
1573134742,42.36105076666666,-71.09616063333333
1573134742,42.36105836666667,-71.09617321666667
1573134743,42.36106613333333,-71.09618551666668
1573134743,42.361072,-71.09619455
1573134743,42.36107901666666,-71.09620625
1573134744,42.361087166666664,-71.09621741666666
1573134744,42.36109286666667,-71.09622491666667
1573134744,42.361102200000005,-71.0962356
1573134744,42.361110833333335,-71.09624503333333
1573134745,42.36111635,-71.09625221666667
1573134745,42.361121833333335,-71.09625986666667
1573134745,42.36113108333333,-71.09627066666667
1573134745,42.361139599999994,-71.09628066666667
1573134746,42.36114813333334,-71.09628971666666
1573134746,42.361154750000004,-71.09629616666666
1573134746,42.36116393333333,-71.09630444999999
1573134746,42.36117031666666,-71.09630990000001
1573134747,42.36117986666667,-71.09631805000001
1573134747,42.36118683333334,-71.09632425
1573134747,42.3611989,-71.09633480000001
1573134747,42.36120178333334,-71.09633751666667
1573134748,42.36121323333334,-71.09634868333333
1573134748,42.36122318333334,-71.09635895
1573134748,42.361228866666664,-71.09636458333333
1573134749,42.361237583333335,-71.09637248333334
1573134749,42.361243449999996,-71.09637783333332
1573134749,42.361253000000005,-71.09638681666667
1573134749,42.36126168333333,-71.09639378333333
1573134750,42.36127033333334,-71.09640083333333
1573134750,42.36127595,-71.09640723333334
1573134750,42.36128144999999,-71.09641256666667
1573134750,42.361289166666666,-71.09642088333334
1573134751,42.36129638333333,-71.09642914999999
1573134751,42.36130255,-71.09644356666666
1573134751,42.36130696666667,-71.09644875000001
1573134751,42.36131385000001,-71.09645688333333
1573134752,42.36131843333333,-71.09646275
1573134752,42.36132510000001,-71.09647366666667
1573134752,42.36132980000001,-71.09648068333333
1573134752,42.361334500000005,-71.09648820000001
1573134753,42.36134338333333,-71.0965025
1573134753,42.36134838333334,-71.0965112
1573134753,42.361352866666664,-71.09651815000001
1573134754,42.36135933333333,-71.09652845000001
1573134754,42.36136318333333,-71.09653498333334
1573134754,42.36137026666667,-71.09655003333334
1573134754,42.36137581666667,-71.09655980000001
1573134755,42.361379533333334,-71.09656631666667
1573134755,42.36138433333333,-71.09658085
1573134755,42.36138811666667,-71.09658723333334
1573134755,42.361391749999996,-71.09659338333333
1573134756,42.36139849999999,-71.09660581666667
1573134756,42.36140006666666,-71.09660888333333
1573134756,42.36140555000001,-71.09663350000001
1573134756,42.36140841666667,-71.09663886666668
1573134757,42.36141254999999,-71.09664598333335
1573134757,42.36141441666667,-71.0966634
1573134757,42.3614208,-71.09667089999999
1573134757,42.3614239,-71.09667363333332
1573134758,42.36142825,-71.09667641666667
1573134758,42.361429650000005,-71.09669178333334
1573134758,42.36143441666666,-71.09669276666666
1573134759,42.361438833333345,-71.09669265000001
1573134759,42.36144163333333,-71.09670141666666
1573134759,42.361444950000006,-71.0967011
1573134759,42.36144846666666,-71.09670096666667
1573134760,42.36145596666667,-71.09670051666667
1573134760,42.36145896666667,-71.09670651666667
1573134760,42.3614625,-71.09670551666666
1573134760,42.36146914999999,-71.09670386666666
1573134761,42.361472649999996,-71.0967037
1573134761,42.361479816666666,-71.09670679999999
1573134761,42.361484000000004,-71.09670793333333
1573134761,42.361490450000005,-71.09670978333334
1573134762,42.36149484999999,-71.09671076666667
1573134762,42.361502766666675,-71.09671366666667
1573134762,42.36151056666666,-71.09671476666668
1573134763,42.36151613333333,-71.09671531666666
1573134763,42.361525483333324,-71.09671628333334
1573134763,42.36153708333333,-71.09671893333334
1573134763,42.36154414999999,-71.09671901666668
1573134764,42.361554899999994,-71.09671811666666
1573134764,42.361567150000006,-71.09671963333334
1573134764,42.36157463333334,-71.09671835
1573134764,42.3615859,-71.09671638333333
1573134765,42.361597233333335,-71.09671446666667
1573134765,42.36160629999999,-71.09671746666666
1573134765,42.36161741666666,-71.09671605
1573134765,42.361628666666675,-71.0967148
1573134766,42.36163625000001,-71.09671395
1573134766,42.36164893333333,-71.09671750000001
1573134766,42.36165658333332,-71.09671735
1573134767,42.36166763333334,-71.09671725
1573134767,42.36167855000001,-71.09671708333333
1573134767,42.361687100000005,-71.09672135000001
1573134767,42.361698233333335,-71.09672055
1573134768,42.36170566666666,-71.09671971666667
1573134768,42.361716716666656,-71.09671806666667
1573134768,42.36172678333334,-71.09672121666668
1573134768,42.36173811666666,-71.09671918333333
1573134769,42.36174928333333,-71.09671725
1573134769,42.36175671666667,-71.09671611666667
1573134769,42.36177083333333,-71.09671776666667
1573134769,42.361778400000006,-71.09671651666666
1573134770,42.361789933333334,-71.0967146
1573134770,42.36180481666667,-71.09671591666667
1573134770,42.36181251666667,-71.09671476666668
1573134770,42.36182398333334,-71.09671305
1573134771,42.3618316,-71.09671181666667
1573134771,42.36184761666667,-71.09671183333333
1573134771,42.36185531666666,-71.0967102
1573134771,42.3618667,-71.09670728333334
1573134772,42.36187408333334,-71.09670555
1573134772,42.36188988333333,-71.09670675000001
1573134772,42.361900866666666,-71.09670440000001
1573134772,42.3619116,-71.09670251666667
1573134773,42.36191869999999,-71.09670158333333
1573134773,42.36194463333333,-71.09671918333333
1573134773,42.36195141666668,-71.09671871666666
1573134774,42.36196135,-71.0967183
1573134774,42.36197090000001,-71.0967181
1573134774,42.36198721666667,-71.09673535
1573134774,42.36199638333333,-71.09673601666667
1573134774,42.36200235,-71.09673663333334
1573134775,42.362011066666675,-71.0967374
1573134775,42.362017333333334,-71.09673915
1573134775,42.3620262,-71.0967397
1573134776,42.362032150000005,-71.0967399
1573134776,42.362041133333335,-71.09674034999999
1573134776,42.36204708333333,-71.09674336666667
1573134776,42.362059699999996,-71.09674343333333
1573134777,42.36206621666667,-71.09674279999999
1573134777,42.36207638333333,-71.09674411666667
1573134777,42.362082783333335,-71.09674341666667
1573134777,42.36209229999999,-71.0967426
1573134778,42.362102166666666,-71.09674165
1573134778,42.36210995,-71.09674278333334
1573134778,42.362119666666665,-71.09674186666666
1573134778,42.36212585,-71.09674156666667
1573134779,42.362134466666674,-71.09674153333333
1573134779,42.36214166666667,-71.09674543333334
1573134779,42.36215246666667,-71.09674661666666
1573134779,42.362157983333326,-71.096748
1573134780,42.36216635000001,-71.09675058333335
1573134780,42.362176883333326,-71.09675625
1573134780,42.36218518333333,-71.09675864999998
1573134781,42.362193516666665,-71.09676096666668
1573134781,42.36219923333333,-71.09676236666667
1573134781,42.36220616666667,-71.0967718
1573134781,42.36221536666667,-71.09677385
1573134782,42.36221871666667,-71.09677435
1573134782,42.36224000000001,-71.09677615000001
1573134782,42.36224723333333,-71.09677603333333
1573134782,42.3622587,-71.09677579999999
1573134783,42.36226671666667,-71.09677581666666
1573134783,42.362274866666674,-71.09677584999999
1573134783,42.36230135,-71.09677703333332
1573134784,42.362309833333335,-71.09677705000001
1573134784,42.36232239999999,-71.09677641666667
1573134784,42.36233973333333,-71.09677496666667
1573134784,42.3623519,-71.09677320000002
1573134785,42.36236391666666,-71.09677123333333
1573134785,42.362371883333324,-71.09677001666667
1573134785,42.36238905,-71.09676785
1573134785,42.36239675,-71.09676656666667
1573134786,42.36240838333333,-71.09676478333334
1573134786,42.36241603333333,-71.09676371666666
1573134786,42.36243398333333,-71.09676060000001
1573134786,42.3624454,-71.09675821666666
1573134787,42.36245288333333,-71.09675671666668
1573134787,42.36246826666667,-71.09675551666666
1573134787,42.36247546666667,-71.09675476666666
1573134787,42.36248646666666,-71.09675385000001
1573134788,42.36249745,-71.0967528
1573134788,42.362527500000006,-71.09675663333334
1573134788,42.36253883333333,-71.09675619999999
1573134788,42.3625502,-71.09675628333333
1573134789,42.36255773333334,-71.09675646666666
1573134789,42.36256936666667,-71.09675696666666
1573134789,42.36258026666666,-71.09675731666665
1573134790,42.36258718333333,-71.09675746666667
1573134790,42.36260048333334,-71.0967577
1573134790,42.36261473333334,-71.0967604
1573134790,42.36262401666666,-71.09675975
1573134791,42.36263,-71.09675905
1573134791,42.36264271666667,-71.09676125
1573134791,42.36265118333334,-71.09676065000001
1573134791,42.362654033333335,-71.09676043333334
1573134792,42.36266513333333,-71.09675993333333
1573134792,42.362667883333344,-71.09675993333333
1573134792,42.36268406666667,-71.09676478333334
1573134793,42.36268915000001,-71.09676491666667
1573134793,42.36269633333333,-71.09676446666667
1573134793,42.36270413333333,-71.09676445
1573134793,42.36270845000001,-71.0967637
1573134793,42.362712466666665,-71.09676285
1573134794,42.36271983333333,-71.09676095
1573134794,42.362723966666664,-71.09676151666666
1573134794,42.362728950000005,-71.09676046666667
1573134795,42.36273226666667,-71.09675975
1573134795,42.36273684999999,-71.0967584
1573134795,42.36274235,-71.09675811666666
1573134795,42.36274521666666,-71.0967572
1573134796,42.362750283333334,-71.09675483333334
1573134796,42.36275373333333,-71.09675421666668
1573134796,42.3627571,-71.09675250000001
1573134796,42.36276041666667,-71.09675086666667
1573134797,42.36276254999999,-71.0967498
1573134797,42.36276828333333,-71.09676356666667
1573134797,42.36277186666666,-71.09676106666667
1573134797,42.36277353333333,-71.09675998333334
1573134798,42.3627752,-71.09675909999999
1573134798,42.362786983333336,-71.09678303333334
1573134798,42.36278956666666,-71.09678243333333
1573134799,42.362791349999995,-71.09678215000001
1573134799,42.36279389999999,-71.09678193333332
1573134799,42.36280691666666,-71.0968026
1573134799,42.362808349999995,-71.09680241666666
1573134800,42.362810283333324,-71.09680208333333
1573134800,42.36281153333333,-71.09680175
1573134800,42.362815483333335,-71.09680395000001
1573134800,42.36281655,-71.09680365
1573134801,42.3628175,-71.09680335
1573134801,42.36282105,-71.09680366666666
1573134801,42.36282211666666,-71.09680341666667
1573134802,42.36282278333333,-71.09680328333334
1573134802,42.36282343333334,-71.09680311666666
1573134802,42.362827100000004,-71.096803
1573134802,42.362827616666664,-71.09680293333332
1573134802,42.36282831666668,-71.09680291666668
1573134803,42.36282883333333,-71.09680286666666
1573134803,42.3628304,-71.09680428333333
1573134803,42.3628304,-71.09680428333333
1573134804,42.3628304,-71.09680428333333
1573134804,42.3628304,-71.09680428333333
1573134804,42.3628304,-71.09680428333333
1573134804,42.3628304,-71.09680428333333
1573134805,42.3628304,-71.09680428333333
1573134805,42.3628304,-71.09680428333333
1573134805,42.36283088333333,-71.09680373333335
1573134805,42.3628315,-71.09680286666666
1573134806,42.36283183333333,-71.09680226666666
1573134806,42.362835266666664,-71.09680386666668
1573134806,42.362835266666664,-71.09680386666668
1573134806,42.362835266666664,-71.09680386666668
1573134807,42.362835266666664,-71.09680386666668
1573134807,42.362835266666664,-71.09680386666668
1573134807,42.362835266666664,-71.09680386666668
1573134807,42.362835266666664,-71.09680386666668
1573134808,42.362835266666664,-71.09680386666668
1573134808,42.362835266666664,-71.09680386666668
1573134808,42.362835266666664,-71.09680386666668
1573134809,42.362835266666664,-71.09680386666668
1573134809,42.362835266666664,-71.09680386666668
1573134809,42.362835399999994,-71.09680483333334
1573134809,42.36283545,-71.09680586666667
1573134810,42.36283545,-71.09680753333333
1573134810,42.36283545,-71.09680870000001
1573134810,42.36284203333333,-71.09681081666666
1573134810,42.36284198333333,-71.09681251666666
1573134811,42.36284195,-71.09681358333334
1573134811,42.36285256666667,-71.09681666666667
1573134811,42.362852333333336,-71.096818
1573134811,42.36285209999999,-71.09681926666667
1573134812,42.362851983333336,-71.09682008333333
1573134812,42.36287216666666,-71.09681748333334
1573134812,42.36287203333333,-71.09681884999999
1573134812,42.36287205000001,-71.09681945000001
1573134813,42.36287201666668,-71.09682041666667
1573134813,42.36290808333333,-71.09683168333332
1573134813,42.36290808333333,-71.09683168333332
1573134814,42.36290808333333,-71.09683168333332
1573134814,42.36290808333333,-71.09683168333332
1573134814,42.36290808333333,-71.09683168333332
1573134814,42.36290808333333,-71.09683168333332
1573134815,42.36290808333333,-71.09683168333332
1573134815,42.36290808333333,-71.09683168333332
1573134815,42.36290808333333,-71.09683168333332
1573134815,42.36290808333333,-71.09683168333332
1573134816,42.36290808333333,-71.09683168333332
1573134816,42.36290808333333,-71.09683168333332
1573134816,42.36290808333333,-71.09683168333332
1573134816,42.36290808333333,-71.09683168333332
1573134817,42.36290808333333,-71.09683168333332
1573134817,42.36290808333333,-71.09683168333332
1573134817,42.36290808333333,-71.09683168333332
1573134817,42.36290808333333,-71.09683168333332
1573134818,42.36290808333333,-71.09683168333332
1573134818,42.36290808333333,-71.09683168333332
1573134818,42.36290808333333,-71.09683168333332
1573134818,42.36290808333333,-71.09683168333332
1573134819,42.36290808333333,-71.09683168333332
1573134819,42.36290808333333,-71.09683168333332
1573134819,42.36290808333333,-71.09683168333332
1573134820,42.36290808333333,-71.09683168333332
1573134820,42.36290808333333,-71.09683168333332
1573134820,42.36290808333333,-71.09683168333332
1573134820,42.36290808333333,-71.09683168333332
1573134821,42.36290808333333,-71.09683168333332
1573134821,42.36290808333333,-71.09683168333332
1573134821,42.36290808333333,-71.09683168333332
1573134821,42.36290808333333,-71.09683168333332
1573134822,42.36290808333333,-71.09683168333332
1573134822,42.36290808333333,-71.09683168333332
1573134822,42.36290808333333,-71.09683168333332
1573134822,42.36290808333333,-71.09683168333332
1573134823,42.36290808333333,-71.09683168333332
1573134823,42.36290808333333,-71.09683168333332
1573134823,42.36290808333333,-71.09683168333332
1573134823,42.36290808333333,-71.09683168333332
1573134824,42.36290808333333,-71.09683168333332
1573134824,42.36290808333333,-71.09683168333332
1573134824,42.36290808333333,-71.09683168333332
1573134825,42.36290808333333,-71.09683168333332
1573134825,42.36290808333333,-71.09683168333332
1573134825,42.36290808333333,-71.09683168333332
1573134825,42.36290808333333,-71.09683168333332
1573134826,42.36290808333333,-71.09683168333332
1573134826,42.36290808333333,-71.09683168333332
1573134826,42.36290808333333,-71.09683168333332
1573134826,42.36290808333333,-71.09683168333332
1573134827,42.36290808333333,-71.09683168333332
1573134827,42.36290808333333,-71.09683168333332
1573134827,42.36290808333333,-71.09683168333332
1573134827,42.36290808333333,-71.09683168333332
1573134828,42.36290808333333,-71.09683168333332
1573134828,42.36290886666667,-71.0968313
1573134828,42.3629106,-71.09683051666666
1573134828,42.362913766666665,-71.09682918333333
1573134829,42.362916033333335,-71.09682801666666
1573134829,42.362952883333335,-71.09683584999999
1573134829,42.362956883333325,-71.0968321
1573134830,42.36295921666667,-71.09683
1573134830,42.3629633,-71.0968272
1573134830,42.362989016666674,-71.09683226666667
1573134830,42.36299255000001,-71.09683146666666
1573134831,42.36299856666666,-71.09683011666667
1573134831,42.36300283333333,-71.09682891666667
1573134831,42.36302645000001,-71.0968335
1573134831,42.36303046666667,-71.09683204999999
1573134832,42.36303611666668,-71.09682963333333
1573134832,42.363039799999996,-71.09682816666667
1573134832,42.36304870000001,-71.09682681666666
1573134832,42.36305468333334,-71.09682521666667
1573134833,42.363058833333326,-71.09682405000001
1573134833,42.3630631,-71.09682291666667
1573134833,42.36307378333333,-71.09680593333333
1573134833,42.36307886666667,-71.09680374999999
1573134834,42.36308736666667,-71.09680003333334
1573134834,42.363093799999994,-71.09677915
1573134834,42.36310271666667,-71.09677565000001
1573134834,42.363109150000014,-71.09677351666666
1573134835,42.36311941666666,-71.09677035
1573134835,42.3631269,-71.09674771666667
1573134835,42.36313846666667,-71.09674425
1573134835,42.36315061666666,-71.09674081666667
1573134836,42.36315905,-71.09673910000001
1573134836,42.3631732,-71.09672291666666
1573134836,42.36318634999999,-71.09671975
1573134837,42.363199683333335,-71.09671639999999
1573134837,42.36320864999999,-71.09671424999999
1573134837,42.36322415,-71.09670221666667
1573134837,42.36323338333333,-71.09669988333333
1573134838,42.36324733333333,-71.09669633333333
1573134838,42.36326333333333,-71.09668601666667
1573134838,42.36326798333333,-71.09668511666668
1573134838,42.363286683333335,-71.09668143333333
1573134839,42.36329606666666,-71.09667965
1573134839,42.36330538333333,-71.09667805000001
1573134839,42.3633258,-71.09666895000001
1573134839,42.36333048333333,-71.09666829999999
1573134840,42.3633491,-71.0966658
1573134840,42.36336501666666,-71.09666048333334
1573134840,42.36337466666667,-71.09665885
1573134840,42.36338441666667,-71.09665726666667
1573134841,42.363404366666664,-71.09665393333333
1573134841,42.36341648333334,-71.09665066666666
1573134841,42.36343193333334,-71.096648
1573134842,42.363447483333324,-71.09664538333332
1573134842,42.36345798333333,-71.0966437
1573134842,42.36347691666666,-71.09664045
1573134842,42.363493433333325,-71.09663803333332
1573134843,42.36349888333333,-71.09663728333334
1573134843,42.363515199999995,-71.09663505
1573134843,42.363535049999996,-71.09663276666667
1573134843,42.3635516,-71.09663073333333
1573134844,42.36355711666667,-71.09663006666666
1573134844,42.363581866666664,-71.09662653333334
1573134844,42.36359823333334,-71.09662326666667
1573134844,42.36360368333333,-71.09662213333333
1573134845,42.36362543333333,-71.09661791666667
1573134845,42.36363861666667,-71.09661651666667
1573134845,42.36365481666667,-71.09661376666666
1573134845,42.36367096666666,-71.096611
1573134846,42.36368171666666,-71.09660914999999
1573134846,42.36370011666666,-71.09660656666667
1573134846,42.36371608333334,-71.09660363333333
1573134847,42.3637266,-71.09660173333333
1573134847,42.36374226666667,-71.09659891666666
1573134847,42.36375495,-71.09659768333333
1573134847,42.363775716666666,-71.09659378333335
1573134848,42.3637861,-71.09659176666668
1573134848,42.3638045,-71.09658881666665
1573134848,42.363814516666665,-71.09658626666666
1573134848,42.363829383333325,-71.09658231666667
1573134849,42.36384393333333,-71.0965785
1573134849,42.3638567,-71.09657531666666
1573134849,42.36387101666666,-71.09657148333335
1573134849,42.36388050000001,-71.0965691
1573134850,42.36389468333333,-71.09656565
1573134850,42.363905566666666,-71.09655391666666
1573134850,42.36391956666667,-71.09655018333332
1573134850,42.363933200000005,-71.0965467
1573134851,42.36394221666666,-71.09654438333334
1573134851,42.363960016666674,-71.09652818333335
1573134851,42.363972983333326,-71.09652415000001
1573134852,42.36398134999999,-71.09652128333335
1573134852,42.363993449999995,-71.09651686666666
1573134852,42.36400631666667,-71.09649945
1573134852,42.36401819999999,-71.0964946
1573134853,42.36402611666667,-71.09649118333334
1573134853,42.36403704999999,-71.09647691666667
1573134853,42.36404458333333,-71.09647373333334
1573134853,42.364055883333336,-71.09646875
1573134854,42.36406326666667,-71.09646553333334
1573134854,42.36407391666667,-71.09644933333334
1573134854,42.36408458333334,-71.0964453
1573134854,42.36409133333333,-71.09644281666667
1573134855,42.364100883333336,-71.09643918333333
1573134855,42.36411400000001,-71.09642153333333
1573134855,42.364119716666664,-71.09641976666667
1573134855,42.3641281,-71.096417
1573134856,42.36413365000001,-71.09641526666667
1573134856,42.364146149999996,-71.09640983333334
1573134856,42.36415396666666,-71.09640766666666
1573134857,42.36416166666666,-71.09640563333335
1573134857,42.36416675,-71.09640428333334
1573134857,42.3641782,-71.09640080000001
1573134857,42.36418291666667,-71.0963995
1573134858,42.36418941666667,-71.0963979
1573134858,42.36419951666667,-71.09639505
1573134858,42.364205600000005,-71.09639528333334
1573134858,42.364209583333334,-71.09639588333333
1573134859,42.36421541666667,-71.09639766666666
1573134859,42.364224549999996,-71.09639926666667
1573134859,42.36422648333334,-71.09639991666667
1573134859,42.36423406666666,-71.09640233333333
1573134860,42.36423935,-71.09640456666666
1573134860,42.36424651666666,-71.09640355
1573134860,42.36425181666667,-71.09640705000001
1573134861,42.36425541666668,-71.09641021666667
1573134861,42.36426066666666,-71.09641595000001
1573134861,42.364269150000005,-71.09642031666668
1573134861,42.364274783333336,-71.09642676666668
1573134862,42.364276749999995,-71.09643141666668
1573134862,42.36428226666667,-71.09643618333332
1573134862,42.36428366666667,-71.09644098333332
1573134862,42.36428555000001,-71.0964475
1573134863,42.36428765000001,-71.09645336666668
1573134863,42.36429261666667,-71.09645416666667
1573134863,42.36429513333333,-71.0964593
1573134863,42.3642968,-71.09646251666666
1573134864,42.36429931666667,-71.09646724999999
1573134864,42.3643047,-71.09646813333333
1573134864,42.36430895,-71.09647458333333
1573134865,42.36431243333333,-71.09647958333333
1573134865,42.364314783333334,-71.09648263333334
1573134865,42.364320016666674,-71.0964862
1573134865,42.364322099999995,-71.09648926666667
1573134866,42.3643239,-71.09649213333334
1573134866,42.36432626666666,-71.09649545
1573134866,42.36432851666667,-71.09649835
1573134866,42.36433019999999,-71.09650066666667
1573134867,42.36433111666667,-71.09650223333333
1573134867,42.36433218333333,-71.09650495
1573134867,42.36433248333333,-71.09650674999999
1573134867,42.36433271666666,-71.09650913333334
1573134868,42.36433258333333,-71.09651095
1573134868,42.364332116666674,-71.09651233333334
1573134868,42.36433165,-71.09651314999999
1573134868,42.36433091666666,-71.09651396666666
1573134869,42.36433036666667,-71.09651430000001
1573134869,42.36432996666667,-71.09651446666668
1573134869,42.36432918333334,-71.09651484999999
1573134870,42.36432881666666,-71.09651516666666
1573134870,42.36432828333333,-71.09651568333334
1573134870,42.364330766666676,-71.0965142
1573134870,42.364330766666676,-71.0965142
1573134871,42.364330766666676,-71.0965142
1573134871,42.364330766666676,-71.0965142
1573134871,42.364330766666676,-71.0965142
1573134871,42.364330766666676,-71.0965142
1573134872,42.364330766666676,-71.0965142
1573134872,42.364330766666676,-71.0965142
1573134872,42.364330766666676,-71.0965142
